filename, Bikes, Cars, Rickshaw
Riksha-24-_jpeg.rf.fcade4f8e9d352c33f9689ffd5a3c707.jpg, 0, 1, 1
Car-25-_jpg.rf.fd6e4fad6a579d053eee9c8e05e8e396.jpg, 0, 1, 0
Car-57-_jpg.rf.fdafa6412b58d3b05c1401801272d0e8.jpg, 0, 1, 0
Car-22-_jpeg.rf.fdbaddb9515df63fbaf37e9af2c22b36.jpg, 0, 1, 0
Car-50-_jpg.rf.fdde05c070b0a18d2a904236b8442567.jpg, 0, 1, 1
Riksha-26-_jpg.rf.fe1418a0fc0b0b142f71f8b3a79537cd.jpg, 0, 0, 1
Riksha-38-_jpeg.rf.fd26fe1b53d86f2c5ee7f08434c4fe5c.jpg, 1, 1, 1
Riksha-14-_jpg.rf.fdea3b5ac26b9a5db40e583b9be8c417.jpg, 0, 1, 1
Riksha-15-_jpeg.rf.fdeaea8bf53c126033f050f04b58c47f.jpg, 1, 1, 1
Bike-16-_jpeg.rf.fe7a4a5c377ff778a15275f829bec961.jpg, 1, 0, 0
Riksha-5-_jpeg.rf.fe3ba4e12aeccd993492559d4ab268d9.jpg, 1, 1, 1
Riksha-56-_jpeg.rf.fe90366a4a7ac588ebf7bb875ce48215.jpg, 0, 0, 1
Riksha-56-_jpeg.rf.fe0e5e145d4945b1d8a87b3f2abb002d.jpg, 0, 0, 1
Car-12-_jpeg.rf.fe9ad11e931c5b47f33761e78e39b301.jpg, 0, 1, 0
Car-13-_jpg.rf.fecbf6f632ca53bdbb928376d831e4da.jpg, 0, 1, 0
Bike-66-_jpeg.rf.ff371a2ccdafe6ba783c67ae6ba4405b.jpg, 1, 0, 0
Bike-51-_jpeg.rf.ffbea11ed72aebe6d666a2d9959c686c.jpg, 1, 0, 0
Riksha-40-_jpg.rf.3fb1a0d24df0c0b84ba2a8f5a1c9153a.jpg, 0, 0, 1
Riksha-55-_jpeg.rf.3fe3bee93ff84d9ac253f5eb44ae3f8e.jpg, 1, 1, 1
Car-54-_jpg.rf.401b466d45230729da7407e861776351.jpg, 0, 1, 0
Car-64-_jpg.rf.4024edc11de0c3bb0971dd779fafdabc.jpg, 0, 1, 0
Riksha-35-_jpg.rf.41ae2461583f6f516fcede4fdaca227c.jpg, 0, 0, 1
Bike-46-_jpeg.rf.41d1b13ed24f52e7e8a2525bf150c98b.jpg, 1, 0, 0
Car-18-_jpg.rf.430d870dcbc054eaca8cef5a2f8c8f53.jpg, 0, 1, 0
Car-13-_jpg.rf.4318a8a275ee9f157edde68a8139250c.jpg, 0, 1, 0
Car-9-_jpeg.rf.4149e54dc78a668c8c44ffa6941c124e.jpg, 0, 1, 0
Riksha-118-_jpeg.rf.3f3fb58e31573b543dd80c81ad427163.jpg, 1, 1, 1
Car-13-_jpeg.rf.404a10cb688b1d7d17c7eb2bf82e8dd7.jpg, 1, 1, 0
Riksha-29-_jpeg.rf.404fcb37d0eaa86f9798d87504d4d2a5.jpg, 0, 1, 1
Car-23-_jpeg.rf.4097bb38faaa5375cc0baef05c19b58e.jpg, 0, 1, 0
Car-3-_jpeg.rf.40c8178097ff27566c40929f37299e94.jpg, 0, 1, 0
Car-22-_jpg.rf.40f256de32981b71493e6ec3bb651f5b.jpg, 0, 1, 0
Bike-74-_jpeg.rf.43a305a96b92ed2d2862bebbe8eb5c46.jpg, 1, 0, 0
Bike-14-_jpeg.rf.426e7f5de4f139b1dbb5bc36b41171db.jpg, 1, 0, 0
Bike-15-_jpeg.rf.437a50fe198910a999de6ee4e7b94fd7.jpg, 1, 0, 0
Riksha-7-_jpeg.rf.4125d2c3d401bbdd7597b16e13f28026.jpg, 1, 1, 1
Car-18-_jpg.rf.43ee2ff268f78bac911a56c8d48d8534.jpg, 0, 1, 0
Riksha-4-_jpg.rf.4431b520dcf3eb1fdc15107aa48f0bd1.jpg, 0, 0, 1
Bike-66-_jpeg.rf.44274abbfe5b3ca286975fc501c1b739.jpg, 1, 0, 0
Car-21-_jpeg.rf.4419ec8ecb4f384d318686e1720bf9b3.jpg, 1, 1, 0
Car-17-_jpg.rf.41f4546d817e313deeefeee08b59951d.jpg, 0, 1, 0
Riksha-18-_jpeg.rf.44b66251229fbc806cf69bd88c3dfe58.jpg, 1, 1, 1
Car-2-_jpeg.rf.47e2f7bbc5e18cff0ae01bd818b3b5ce.jpg, 0, 1, 0
Riksha-70-_jpeg.rf.44b953ad815dfa7ed4fe58c29e51e054.jpg, 0, 1, 1
Car-18-_jpeg.rf.47fea9a00068ead1e25245c3a3d570b3.jpg, 1, 1, 1
Riksha-49-_jpg.rf.458e8408a7bf1e8cc8441295a77fdb80.jpg, 0, 0, 1
Bike-80-_jpeg.rf.4869756fc2db8b21f187eab373970a64.jpg, 1, 0, 0
Riksha-47-_jpeg.rf.453832973dea3146503bdd713a4aa9f3.jpg, 0, 1, 1
Bike-52-_jpeg.rf.4b4433cbc110c5b6a19af40244e5d702.jpg, 1, 0, 0
Bike-76-_jpeg.rf.485be850f41cba8c397b4f7f0a58d3e2.jpg, 1, 0, 0
Bike-97-_jpeg.rf.4774723573399d1444186c983ff340e7.jpg, 1, 0, 0
Riksha-27-_jpg.rf.4833f84460e333d3e3fcaead05d27882.jpg, 0, 0, 1
Riksha-53-_jpeg.rf.460a1c11cac95a1c1ee6b2cf56f356d2.jpg, 0, 0, 1
Car-21-_jpeg.rf.47f859b497f21e3bc480b2564499955c.jpg, 0, 1, 0
Car-25-_jpg.rf.469289b856df1c36339f3b8c0235e17a.jpg, 0, 1, 0
Car-7-_jpeg.rf.4adbd4dd583ebcf52c539dd5ead9633e.jpg, 0, 1, 0
Car-40-_jpeg.rf.465436dfe77eedca709160f0a51ea481.jpg, 0, 1, 0
Riksha-13-_jpeg.rf.45a1771310e8859a67a05438358ea2ba.jpg, 0, 1, 1
Riksha-60-_jpeg.rf.47b00e262d101aab1f64e737e33c2b0c.jpg, 0, 0, 1
Car-19-_jpeg.rf.4ac7df8d47626408a8748ce448eb7281.jpg, 0, 1, 0
Bike-77-_jpeg.rf.48ab6783a5b2355e2f0c2ee6b268ba9a.jpg, 1, 0, 0
Car-44-_jpeg.rf.4a8025c177e41e593418f1762ce23e15.jpg, 0, 1, 0
Bike-34-_jpeg.rf.464bb3fbddfddc5b30ce0e119bb522db.jpg, 1, 0, 0
Car-25-_jpeg.rf.4af0fd95aa3ad4a88ed1fcb5161eafca.jpg, 1, 1, 0
Car-8-_jpeg.rf.4a83481a077a4193f188369d4a654b92.jpg, 0, 1, 0
Car-15-_jpeg.rf.486d17e278f0267f31376d00996fa175.jpg, 0, 1, 0
Car-26-_jpg.rf.47a9010ee340ab705099b83ff41f5bb5.jpg, 0, 1, 0
Car-33-_jpg.rf.4b6ba38f6d666f9ddd10cd058e47076a.jpg, 0, 1, 0
Car-29-_jpeg.rf.4c08e85871b1bd53249288ab003583ef.jpg, 1, 1, 0
Car-58-_jpg.rf.4c4ba60b9df46094c22e1615ceeb882e.jpg, 0, 1, 0
Bike-47-_jpeg.rf.4c5901eeddb25c4545c268505c33effe.jpg, 1, 0, 0
Riksha-50-_jpg.rf.4eea7bf7aaa6ceab7d3273fa18318137.jpg, 0, 0, 1
Bike-81-_jpeg.rf.4c595a221a68d6c5c59940cd9e7de266.jpg, 1, 0, 0
Bike-94-_jpeg.rf.4d653a9b1249b06895d7389bd0d49ac4.jpg, 1, 0, 0
Riksha-116-_jpeg.rf.4d4372fb290b5a8b94e15fec8e50594e.jpg, 1, 0, 1
Bike-83-_jpeg.rf.4e2005c5387ae965d688e8bf3605c0fc.jpg, 1, 0, 0
Riksha-32-_jpg.rf.4d8610e2f43f3b2819eea212d49bcb6a.jpg, 0, 0, 1
Car-55-_jpg.rf.4d51256bbfd6bca1fc2aca451609c9a2.jpg, 0, 1, 0
Riksha-12-_jpg.rf.4e967d118472332d5491351de21a0ca9.jpg, 0, 0, 1
Bike-50-_jpeg.rf.50e4ba8cceb0857a35d4a0c431dec53c.jpg, 1, 0, 0
Car-28-_jpeg.rf.4c7e51f002879d80283f34365429fddb.jpg, 0, 1, 0
Car-14-_jpeg.rf.513278bb66327cff766e1d7d6845337c.jpg, 0, 1, 0
Bike-97-_jpeg.rf.4f561dd51997bc5aa27ca06ecf358f20.jpg, 1, 0, 0
Bike-8-_jpeg.rf.4f742b460a752f60baa9b9893345fb3a.jpg, 1, 0, 0
Bike-93-_jpeg.rf.4d6c7f7075f80fe2bc0a50993a75b881.jpg, 1, 0, 0
Bike-35-_jpeg.rf.4f599f84b3f8a349df0d12e092308dec.jpg, 1, 0, 0
Car-35-_jpg.rf.506e71db841f57cbe263b0431a252d5b.jpg, 0, 1, 0
Riksha-11-_jpg.rf.50c1fee0ce33b891ac3fd7210bc88755.jpg, 0, 0, 1
Bike-76-_jpeg.rf.4ff947e118dcc877df1ecfc31b6a2813.jpg, 1, 0, 0
Riksha-4-_jpg.rf.52fc1e311e4e9c903777a0b42b05b8e1.jpg, 0, 0, 1
Car-1-_jpeg.rf.51071bb5f3917bf803f7daa49bbdf006.jpg, 0, 1, 0
Riksha-3-_jpeg.rf.4fee5c2e3e3ba880450b9e9c76f4999f.jpg, 0, 0, 1
Riksha-37-_jpg.rf.4d9c24722db8d9fdfa5711a81f667bad.jpg, 1, 0, 1
Car-26-_jpg.rf.52171da5eda92516bcc07e0c29be4a38.jpg, 0, 1, 0
Car-12-_jpg.rf.4e257388392a9c0729a20e99e7d5a7f8.jpg, 0, 1, 0
Riksha-51-_jpeg.rf.52e50754543ad0a0bbb3c6a855dda4ff.jpg, 1, 1, 1
Riksha-54-_jpeg.rf.56ade3d8f8d1fd21a0e66bcf1694dc14.jpg, 1, 0, 1
Riksha-55-_jpeg.rf.535abae2071e95fc43dc957b5b4a8fc2.jpg, 1, 1, 1
Car-43-_jpeg.rf.5824071a4f532bbd523d659b01761381.jpg, 0, 1, 0
Riksha-25-_jpeg.rf.55704586cd0031b17b254f474746a702.jpg, 0, 1, 1
Riksha-39-_jpeg.rf.57ecae601ac8496ce05882a08553f1c1.jpg, 1, 0, 1
Bike-56-_jpeg.rf.53eb8bcc59f33e5b156a48528846335b.jpg, 1, 0, 0
Riksha-46-_jpeg.rf.5610da920693dc6f25d1a1e1072242b4.jpg, 0, 0, 1
Riksha-6-_jpg.rf.58f2f3ec61ca1d524d37dcbe214345a0.jpg, 0, 0, 1
Car-21-_jpeg.rf.54086a4a846f7d41aa1bd15f9a494b45.jpg, 0, 1, 0
Bike-87-_jpeg.rf.564d3ee9284173a6878da07346185d53.jpg, 1, 0, 0
Riksha-36-_jpg.rf.597b528ddb61df0c7ffcf63a002671bc.jpg, 1, 0, 1
Bike-2-_jpeg.rf.54f7ab61f647677f3dfeae50acd93e4d.jpg, 1, 0, 0
Riksha-33-_jpg.rf.56b72023cf101e5ef2e71f6e484243a1.jpg, 0, 0, 1
Car-21-_jpg.rf.57650d016f626e7d2c419b37fb9454fc.jpg, 0, 1, 0
Riksha-17-_jpg.rf.55b92229fdc2f8028a9534b24dbbab9f.jpg, 1, 1, 1
Riksha-6-_jpeg.rf.5a50d14eb9773948217bbe3ec8a4dc14.jpg, 1, 1, 1
Riksha-25-_jpeg.rf.596d599c1b53eae2cedd85551bd61574.jpg, 0, 1, 1
Riksha-18-_jpg.rf.565b5ed5eda28a15454165ddb59d79ed.jpg, 0, 0, 1
Car-18-_jpeg.rf.57f07a94321d5d3742c44e1b58458282.jpg, 0, 1, 0
Car-11-_jpg.rf.56d5a933d97ca46ab50f704fa9c7ac32.jpg, 0, 1, 0
Riksha-33-_jpg.rf.5a962e15b1b5891be86c7b4887148d35.jpg, 0, 0, 1
Riksha-35-_jpeg.rf.5819bee8f49e36689f889f7c79b4b0fe.jpg, 0, 0, 1
Car-24-_jpg.rf.561169bcf8b09b91b69d8ed66ee0529b.jpg, 0, 1, 0
Riksha-59-_jpeg.rf.586a2cdb3fafa08a2ce7281535e1b0e7.jpg, 0, 0, 1
Riksha-6-_jpg.rf.57257e8c8b34125305449ff04dfa81b8.jpg, 0, 0, 1
Car-4-_jpeg.rf.5afacee4a9642f2dd4678f4bdebc920c.jpg, 0, 1, 0
Bike-71-_jpeg.rf.59f04019ab4169ff9e08770ef41ddc83.jpg, 1, 0, 0
Riksha-16-_jpeg.rf.5ba772f41dd4f473c535546ad63798a6.jpg, 1, 0, 1
Bike-104-_jpeg.rf.5cb73cde7a39d0656c0032285b533ce2.jpg, 1, 0, 0
Riksha-57-_jpeg.rf.5cf27f95529a2db84cf371819838cacf.jpg, 0, 0, 1
Riksha-7-_jpg.rf.5d55251ffbdfba631477f3dd397f2239.jpg, 0, 0, 1
Riksha-11-_jpeg.rf.5f5a6ccb556da66b096fec6203237196.jpg, 0, 1, 1
Car-48-_jpg.rf.5ed235598be30b8910996d48250780a4.jpg, 0, 1, 0
Car-24-_jpeg.rf.5cd0fb4d328366a9c9347619cdd13814.jpg, 0, 1, 0
Bike-11-_jpeg.rf.5e24fe3753c29c37681d96973518fe8d.jpg, 1, 0, 0
Bike-92-_jpeg.rf.5ff068ab1f45afa1fc99ff157b87f0b8.jpg, 1, 0, 0
Riksha-59-_jpeg.rf.61b9582d55b694c032e1fc11f28bb6a7.jpg, 0, 0, 1
Car-15-_jpeg.rf.5e5af7818e766d903c2fbd8e521c4c35.jpg, 1, 1, 0
Bike-49-_jpeg.rf.6052cb9214681c1404a4e0a356975d4c.jpg, 1, 0, 0
Bike-65-_jpeg.rf.5e0b40c5592904acc0d795b25f0e4739.jpg, 1, 0, 0
Car-39-_jpeg.rf.6164728939ba5fe10d6e447208c9a2c3.jpg, 0, 1, 0
Riksha-8-_jpg.rf.5fa168bf4ebf75c6036dcdfce565f32d.jpg, 0, 0, 1
Riksha-51-_jpeg.rf.5fe0a9224b53430dc0cfcc9ba951a271.jpg, 1, 1, 1
Riksha-66-_jpeg.rf.5e90c9c53ed3ec83faf6e157f40b3fc9.jpg, 1, 1, 1
Riksha-15-_jpg.rf.5f882b32c8efb52f4a210c7a62f968db.jpg, 0, 0, 1
Car-5-_jpeg.rf.5e855ae2377987b0eadd94aa667a204b.jpg, 0, 1, 0
Bike-41-_jpeg.rf.62852ac6123f55d6f2efbacbd00c545e.jpg, 1, 0, 0
Riksha-46-_jpg.rf.60be07c27bf0f7c4a6dd4b61399a9735.jpg, 1, 1, 1
Bike-64-_jpeg.rf.625a059190702aeb05b1e3b7332f7ebc.jpg, 1, 0, 0
Riksha-46-_jpeg.rf.619fd705019f1adb020d34f58778a577.jpg, 0, 0, 1
Car-20-_jpeg.rf.63219f77b3efbc0ddd9cd9824cbc43ac.jpg, 0, 1, 0
Riksha-7-_jpg.rf.61c5092efa714b11a029d9cb0f0c86fe.jpg, 0, 0, 1
Bike-33-_jpeg.rf.639c767dce102aefdd1eeb061a8aef31.jpg, 1, 0, 0
Riksha-119-_jpeg.rf.629cff63e0053a3195799c5ab2738d0b.jpg, 1, 1, 1
Car-42-_jpeg.rf.63e531aeb895bef3b9a1f260d105ef60.jpg, 0, 1, 0
Car-15-_jpeg.rf.62ea434b821f5f6c0d9b8190426582c0.jpg, 0, 1, 0
Bike-65-_jpeg.rf.62d2f6c3037f109abc9df2fc9325e425.jpg, 1, 0, 0
Car-16-_jpeg.rf.6346f9f14eae480647649dfcf2728340.jpg, 0, 1, 0
Car-64-_jpg.rf.63ed6d2570eef630bf154b77a7866b67.jpg, 0, 1, 0
Car-22-_jpeg.rf.62a002ac51f2f574303e8cf970868911.jpg, 0, 1, 0
Riksha-43-_jpg.rf.671bd1514dd350152605fc8437625d8a.jpg, 0, 0, 1
Riksha-13-_jpg.rf.66b395f7934211dc22ac5fdca963de9b.jpg, 0, 0, 1
Car-52-_jpg.rf.66bbc64549a6ad2812ba45db9137b78e.jpg, 0, 1, 0
Car-14-_jpg.rf.6534477bf2a25bed436a0452cff63463.jpg, 1, 1, 0
Car-30-_jpeg.rf.68f3191d59a398725c44d29cce03cc50.jpg, 1, 1, 0
Bike-14-_jpeg.rf.64971053bc58339829713647c2601534.jpg, 1, 0, 0
Car-7-_jpeg.rf.667bbae76874aa4b5e4555c686c3aeeb.jpg, 0, 1, 0
Car-56-_jpg.rf.6610a4eecfa8f85807fcb460a9218383.jpg, 0, 1, 0
Riksha-30-_jpeg.rf.68c2e6e9c5e909e2d0f09d434ef5ef81.jpg, 0, 1, 1
Bike-104-_jpeg.rf.6a1d565371a4499bd8e6c0f2f0c50b1f.jpg, 1, 0, 0
Bike-106-_jpeg.rf.65f991a189fc484a8d3351dac4d755b8.jpg, 1, 0, 0
Car-40-_jpeg.rf.66e8333a445faddd272879e39d34f7d5.jpg, 0, 1, 0
Riksha-21-_jpeg.rf.67009317a063aaf63edb38658fc1e8e2.jpg, 1, 0, 1
Riksha-21-_jpg.rf.68ccf94f9b0a74c9ddcce6412fb5b670.jpg, 0, 0, 1
Riksha-9-_jpeg.rf.6794939e5794e3cba2ec9b8017c346ac.jpg, 1, 1, 1
Car-55-_jpg.rf.6a42862b8476187b1c0b2360d78712cc.jpg, 0, 1, 0
Bike-105-_jpeg.rf.69105f498322c2cc4993f0959745183e.jpg, 1, 0, 0
Riksha-2-_jpg.rf.66225468038bb75e97b5d0afdce04546.jpg, 0, 0, 1
Car-56-_jpg.rf.6971a75b00f8615ddb916617b847b170.jpg, 0, 1, 0
Bike-57-_jpeg.rf.6acee8f0fa39703ca747cf168938b59c.jpg, 1, 0, 0
Bike-5-_jpeg.rf.6971d22730b8adb2652947c311b001dd.jpg, 1, 0, 0
Bike-23-_jpeg.rf.6ba519f2a12771d0a721098257b939ef.jpg, 1, 0, 0
Bike-89-_jpeg.rf.6aa4351001464d9b8245a7d95ccaa5b1.jpg, 1, 0, 0
Bike-56-_jpeg.rf.6a2f00dd46c2fa7711afe0755ca4247d.jpg, 1, 0, 0
Car-20-_jpg.rf.6b8f564b9309470a505cb1fe3ccb75d5.jpg, 0, 1, 0
Riksha-49-_jpeg.rf.6bf44a7827c7dbd5e2e3343e388325c7.jpg, 1, 0, 1
Car-35-_jpg.rf.6ab30b914cc51fb6e063a1fbe42669b4.jpg, 0, 1, 0
Car-18-_jpeg.rf.6c09d6e1138759843336f58c754b3b36.jpg, 0, 1, 0
Car-43-_jpeg.rf.6c81ccbc9e001fb3bfa8e2739db0bc2f.jpg, 0, 1, 0
Car-49-_jpg.rf.6de5adb6864aa91ccbbe92f95874eed5.jpg, 0, 1, 0
Riksha-2-_jpeg.rf.6d652637bdeaab4df2de1b584a92dc00.jpg, 1, 1, 1
Car-3-_jpg.rf.6dc0f9b6022e23d70f3202017dfe32fd.jpg, 1, 1, 0
Bike-12-_jpeg.rf.6be83a413d9e11780b7464d36446dcad.jpg, 1, 0, 0
Bike-25-_jpeg.rf.6e01742d113f537c802edc61e71bd4ca.jpg, 1, 0, 0
Riksha-118-_jpeg.rf.6f46f73aad54df0bd3178932b1be4c51.jpg, 1, 1, 1
Car-59-_jpg.rf.6c80eb738e746642915822c74cc1d760.jpg, 0, 1, 0
Bike-84-_jpeg.rf.70ed6334d7e7a31adbff1bfc3822d661.jpg, 1, 0, 0
Bike-3-_jpeg.rf.6dfefacc06981ce4c8d9a476d7887da7.jpg, 1, 0, 0
Riksha-39-_jpeg.rf.6e17fcc5ae9c14836bb8e1a641672eeb.jpg, 1, 0, 1
Car-62-_jpg.rf.6fa06530382898d73dc239b4161250b2.jpg, 0, 1, 0
Car-35-_jpeg.rf.712a58cb4a33302968cfb38777babe23.jpg, 1, 1, 0
Bike-12-_jpeg.rf.6c5e741e38af0911fa5207d514c9e776.jpg, 1, 0, 0
Riksha-15-_jpeg.rf.68ffa43966d5b56f0be5c54404a5f25d.jpg, 1, 1, 1
Car-60-_jpg.rf.6eef4a94d65b17cc377b08ebea6a208c.jpg, 0, 1, 0
Riksha-39-_jpg.rf.726dc29948a80eb56f539f63cfc63caa.jpg, 0, 0, 1
Riksha-17-_jpeg.rf.6e777f703e7c7371163f5dc02ed7250a.jpg, 0, 1, 1
Riksha-31-_jpg.rf.6d0760c19ce57b8cc6a62d4ee3cac4e6.jpg, 0, 1, 1
Bike-105-_jpeg.rf.70cfa4bdce28b864d2a6dbb6d3191a20.jpg, 1, 0, 0
Bike-51-_jpeg.rf.728be61fc577b12230e228942d143d9b.jpg, 1, 0, 0
Riksha-15-_jpg.rf.6f3c62ddb8e3e9cef4caec12d1073728.jpg, 0, 0, 1
Bike-69-_jpeg.rf.6c083c62fe67846ace399dc1f2eeb5fc.jpg, 1, 0, 0
Riksha-68-_jpeg.rf.6c22555850310dd8be30b5080f4db121.jpg, 1, 1, 1
Car-5-_jpeg.rf.70dc945b160a4ca4a72f7459fe3e7aeb.jpg, 0, 1, 0
Riksha-23-_jpg.rf.72b7eee9df402acb5f7feb3b406adb39.jpg, 1, 0, 1
Riksha-18-_jpg.rf.6f6e0d670e3b31e2be3cd043e06ef0ce.jpg, 0, 0, 1
Riksha-34-_jpeg.rf.7045be50f7f40bec9664a5caca858f45.jpg, 1, 1, 1
Bike-27-_jpeg.rf.72925af6e8525ac78934e59eeda35e3b.jpg, 1, 0, 0
Bike-78-_jpeg.rf.726626b539a5991e53ea4de2a26b18c1.jpg, 1, 0, 0
Bike-71-_jpeg.rf.7278464852695dec744d3f63041fce25.jpg, 1, 0, 0
Riksha-37-_jpg.rf.73139d9cdbec36aa2ad25d84516e778a.jpg, 1, 0, 1
Car-11-_jpeg.rf.74219f810ac191f188e79cef52372053.jpg, 1, 1, 0
Riksha-28-_jpeg.rf.74c010724367b15a4d2c781273eda5a8.jpg, 0, 0, 1
Riksha-38-_jpeg.rf.74a90972cbf5c73d368ae0d4cee77ca8.jpg, 1, 1, 1
Riksha-43-_jpg.rf.75b9edfc448d2709e5e529868e3904c1.jpg, 0, 0, 1
Bike-52-_jpeg.rf.765c1683a808ba96b66443dcd809fe5e.jpg, 1, 0, 0
Car-100-_jpg.rf.76747ec5c39b82660e4cfac844fc49fb.jpg, 0, 1, 0
Car-17-_jpeg.rf.742196e26eb35396cbcf3e932cd53c4f.jpg, 1, 1, 0
Car-32-_jpeg.rf.72e33a0d60f96ed4c539783850e36a04.jpg, 0, 1, 0
Bike-34-_jpeg.rf.74d37eca67cb69a92a8c23b82317fc0f.jpg, 1, 0, 0
Riksha-120-_jpeg.rf.734d8a839a4936726a659c74fd5049e2.jpg, 1, 1, 1
Car-2-_jpg.rf.793a25d19f4174c8e17d830317b6fe21.jpg, 0, 1, 0
Bike-46-_jpeg.rf.7947315d7047275cbd69cd0b56bd2d0f.jpg, 1, 0, 0
Car-1-_jpeg.rf.78a63a47edc7c6e5fedfbd7b02ddb14f.jpg, 0, 1, 0
Riksha-24-_jpeg.rf.79b68b5991b4daad0e4907ca08d1bcb2.jpg, 0, 1, 1
Car-34-_jpeg.rf.7714010717b0d8d44e85e2d6f454f928.jpg, 0, 1, 0
Bike-58-_jpeg.rf.790a2d3be9ce93b9e118618f7bafea97.jpg, 1, 0, 0
Car-67-_jpg.rf.73f9079617a5c92d7cc8cd3642674d29.jpg, 0, 1, 0
Riksha-15-_jpg.rf.75e664334d124fd7aaf05ac90f3a3b4f.jpg, 0, 0, 1
Riksha-27-_jpeg.rf.7658b83e5da68b5a5c7fb5f69e2d7879.jpg, 1, 0, 1
Car-14-_jpeg.rf.79ed7694c6790b2286e4e97c2af24c3f.jpg, 0, 1, 0
Riksha-50-_jpg.rf.789d8020d0fc892f10edc46a809b6dc5.jpg, 0, 0, 1
Car-53-_jpg.rf.7537d08c694839f6269a5a065ffe8a7a.jpg, 0, 1, 0
Riksha-34-_jpeg.rf.79db1f65fd97b1f94256e60a96fb19c3.jpg, 1, 1, 1
Riksha-25-_jpg.rf.75eedfe3e5092341034451db2ae09f94.jpg, 0, 1, 1
Riksha-45-_jpeg.rf.7b80cc3d2f5a9e37769c9bf7719a5f92.jpg, 1, 1, 1
Bike-6-_jpeg.rf.7b7fa005f51d77eb247d015680b5031d.jpg, 1, 0, 0
Car-33-_jpeg.rf.7bff3ac8ef547afb2a641ddda0fa1956.jpg, 0, 1, 0
Car-10-_jpeg.rf.7d0c4fa949903c708f3e721d47305c27.jpg, 0, 1, 0
Car-17-_jpg.rf.7c910ebae84e5b2481122ce0089a8c6a.jpg, 0, 1, 0
Riksha-46-_jpg.rf.78ae29c880d993d07ec668556f7d6a33.jpg, 1, 1, 1
Bike-63-_jpeg.rf.7ee2ff33ebf4758692c040db21f75738.jpg, 1, 0, 0
Bike-36-_jpeg.rf.7ee168dba3394e25180c74cd918f2231.jpg, 1, 0, 0
Bike-30-_jpeg.rf.7df9a9e996d41c427c8797de57cfb3d7.jpg, 1, 0, 0
Car-16-_jpeg.rf.7c0bdad3a9234eab2d690fc406de82bf.jpg, 0, 1, 0
Riksha-12-_jpg.rf.7c341df4191350302ea6b4bdc67eb2c0.jpg, 0, 0, 1
Riksha-121-_jpeg.rf.801d29439e5f5dc50acda0627a117bb1.jpg, 0, 1, 1
Bike-30-_jpeg.rf.7bdb2453223e7a9b6de48582376d1368.jpg, 1, 0, 0
Riksha-4-_jpeg.rf.7fa143084881da25ba1b92bc5f830a42.jpg, 1, 1, 1
Riksha-46-_jpg.rf.7c86193341f6c909b26587b0e283f9f7.jpg, 1, 1, 1
Riksha-9-_jpg.rf.7a09ccf1fbe295b138b21c0eda5ab1fb.jpg, 0, 0, 1
Car-9-_jpeg.rf.7d289585f8dd91b250e6266311a86c6f.jpg, 0, 1, 0
Bike-79-_jpeg.rf.7ff2cbee0d29ca423b99d2c437689401.jpg, 1, 0, 0
Riksha-56-_jpeg.rf.812bd3f2d58f7bd36415eed9feff6578.jpg, 0, 0, 1
Riksha-20-_jpeg.rf.81efb789ba5c4285358d52724a963e0c.jpg, 0, 1, 1
Bike-1-_jpeg.rf.80f6afe6938119f71d1579c480ddf109.jpg, 1, 0, 0
Bike-92-_jpeg.rf.7d30a0eb289fafb26092d82bb6429484.jpg, 1, 0, 0
Riksha-7-_jpeg.rf.80d705b48c5040d8cdd9578a83cd20c1.jpg, 1, 1, 1
Bike-10-_jpeg.rf.7dbf2e74d2aa05b634dbc8f52f69a436.jpg, 1, 0, 0
Car-27-_jpg.rf.8153ef38ba4715b7656ab7d0f3777c85.jpg, 0, 1, 0
Bike-32-_jpeg.rf.7aa1985d637190dabab8beba25c2bc10.jpg, 1, 0, 0
Car-8-_jpeg.rf.7d98b45e820fb35734c3225eaf5b9b36.jpg, 0, 1, 0
Riksha-65-_jpeg.rf.bf2ffd9a5e6bb6a13416abbf1ddc7027.jpg, 0, 0, 1
Bike-42-_jpeg.rf.bf3499ab74d4d894eeb86f1f1c7a9a15.jpg, 1, 0, 0
Riksha-20-_jpeg.rf.bf633ea5d26d8261c2547cd0a19407ff.jpg, 0, 1, 1
Riksha-50-_jpg.rf.bf7f4a241ca76055b8bc37cb2ba6cca0.jpg, 0, 0, 1
Car-48-_jpg.rf.bfdda16072a6bba73cc8ffdaa379ef29.jpg, 0, 1, 0
Car-37-_jpg.rf.c01809137eee3cd78e6872b92e49895f.jpg, 0, 1, 0
Riksha-120-_jpeg.rf.c0c8f67bcae590e7738bf3b18768f2ae.jpg, 1, 1, 1
Riksha-25-_jpeg.rf.c1044145f2baab9d3a43f7a6a74cfb7f.jpg, 0, 1, 1
Bike-29-_jpeg.rf.c13b6e0fe30789a750b74c37fbd08cef.jpg, 1, 0, 0
Bike-86-_jpeg.rf.c1889138a1a88ea31748fb3851f788d6.jpg, 1, 0, 0
Bike-28-_jpeg.rf.c34adf06e15919f7516257ccd7172076.jpg, 1, 0, 0
Car-20-_jpeg.rf.c0d4b11c764f74178e5f26a7446bb0c1.jpg, 0, 1, 0
Bike-10-_jpeg.rf.c14eb52bb68f4d0351b2b64ad61cf976.jpg, 1, 0, 0
Riksha-29-_jpeg.rf.c26459938eba0dd621c029dd097773ee.jpg, 0, 1, 1
Riksha-23-_jpeg.rf.c329a0ce68318512887ca1219dee2284.jpg, 1, 1, 1
Car-50-_jpg.rf.c30d0bfe28dbb49f4f3c6e5a58d5fa85.jpg, 0, 1, 1
Riksha-19-_jpeg.rf.c4e92d75d6479457295195ffe3d09fc8.jpg, 1, 1, 1
Bike-33-_jpeg.rf.c41ca07ec4563f6b2f7780acd5d56703.jpg, 1, 0, 0
Car-18-_jpeg.rf.c385984a13963f095ea9ab532cbe3b0d.jpg, 1, 1, 1
Car-1-_jpeg.rf.c44e8bd130740d51b42832f60aceedd4.jpg, 0, 1, 0
Riksha-121-_jpeg.rf.c48c742098dae30136a12e3a53b7d883.jpg, 0, 1, 1
Bike-73-_jpeg.rf.c4f6c96d4dd1b282a0bffe321ab5947f.jpg, 1, 0, 0
Bike-13-_jpeg.rf.c50a6c72a6f2ba6a9058bc4b8354cb37.jpg, 1, 0, 0
Bike-44-_jpeg.rf.c59a24f3bf12f02869251e9bab1faac5.jpg, 1, 0, 0
Bike-88-_jpeg.rf.c63cdbd5be1d80af03b0eee5e099b4b4.jpg, 1, 0, 0
Bike-95-_jpeg.rf.c544216a9f56248a4ef438fd716d8eff.jpg, 1, 0, 0
Riksha-11-_jpg.rf.c6b90e1975cbeba16fc351e51f2fa579.jpg, 0, 0, 1
Car-30-_jpeg.rf.c5c616d46a1c839de5979cea1a2a9fa6.jpg, 1, 1, 0
Car-3-_jpeg.rf.c743cb319760ee1a864fda8300541400.jpg, 0, 1, 0
Riksha-42-_jpg.rf.c928e9bc3e190adfa02420340337308a.jpg, 0, 0, 1
Car-1-_jpeg.rf.c63a310da9bebfc30d236366f3e3889f.jpg, 0, 1, 0
Car-69-_jpg.rf.c882b0862f09684220cc131b4afbecf9.jpg, 0, 1, 0
Bike-26-_jpeg.rf.c640ef7515d850e8f0dfd14a3ebac402.jpg, 1, 0, 0
Car-20-_jpeg.rf.c7bab8368e8ff56c4f97dd0d29def96f.jpg, 1, 1, 0
Riksha-13-_jpg.rf.c7f1a1b27e77fbb62f593e5232be9854.jpg, 0, 0, 1
Bike-38-_jpeg.rf.c96fd2a25b599d6ff2d83ac6cd13976e.jpg, 1, 0, 0
Car-31-_jpeg.rf.ca0a9b7443aeb682f40f43f737651275.jpg, 1, 1, 0
Riksha-27-_jpg.rf.c73dfb003b348480ff27c43e2941844b.jpg, 0, 0, 1
Car-15-_jpeg.rf.c9c656c04e24da68583ec3e975a42d98.jpg, 1, 1, 0
Car-17-_jpeg.rf.c9875b0519d30d7e8c13944cd486fd8d.jpg, 1, 1, 0
Riksha-38-_jpg.rf.cb8cb4b65ed06ac4f319715a7867e2bd.jpg, 0, 0, 1
Bike-54-_jpeg.rf.c84b28d0ff0dd3c20ad62de84fb6bd09.jpg, 1, 0, 0
Riksha-34-_jpg.rf.c8e682a14f9d500250800059f3ae80d7.jpg, 1, 0, 1
Bike-28-_jpeg.rf.c90df4d239dbacd0331c2fd9071c4033.jpg, 1, 0, 0
Bike-82-_jpeg.rf.c930535121c386aec50f69741fb3edee.jpg, 1, 0, 0
Bike-29-_jpeg.rf.ca7f66fbcd7fe50edbbd533fd564ce14.jpg, 1, 0, 0
Car-67-_jpg.rf.c89e81e9a353aa72073715417f811955.jpg, 0, 1, 0
Riksha-45-_jpg.rf.cb7228f4b29cf0bf904e1d16013cba95.jpg, 0, 0, 1
Car-11-_jpeg.rf.cb654d739b7ae7caed5d3ca4e62d19d0.jpg, 1, 1, 0
Riksha-41-_jpeg.rf.cbd296da4ff03dd40e910caacbdec85d.jpg, 1, 1, 1
Riksha-40-_jpg.rf.c8b01e8e8952e4e5d590e551f489f48e.jpg, 0, 0, 1
Riksha-27-_jpeg.rf.ca04ae57f518a91c411c951c077c744e.jpg, 1, 0, 1
Bike-54-_jpeg.rf.cc68e39933b8632abc45fdcf3439b424.jpg, 1, 0, 0
Car-15-_jpeg.rf.ccddbed215769e0af34dee0914454a69.jpg, 0, 1, 0
Car-63-_jpg.rf.ccd866b6dc2f3ae41a60d69a1b3e59f6.jpg, 0, 1, 0
Car-100-_jpg.rf.ce27ff2cf067a74a0b46b28a3d1c8821.jpg, 0, 1, 0
Riksha-9-_jpeg.rf.cd666a2570935cf9632b9933ac903302.jpg, 1, 1, 1
Car-3-_jpg.rf.cb8378125d6bd4f6d89aabd2363b0dd0.jpg, 1, 1, 0
Car-31-_jpeg.rf.caec08d15e04ce36c8a1b1e111154382.jpg, 1, 1, 0
Car-51-_jpg.rf.ccc46d652cd5e4b9805f63dc20c9a14b.jpg, 0, 1, 0
Riksha-3-_jpg.rf.cb5b63310c09f26b9f5557ff99f47bf7.jpg, 0, 0, 1
Riksha-13-_jpeg.rf.cd560b3797634f54e423523291d9a137.jpg, 0, 1, 1
Car-10-_jpg.rf.ce5f5b4460eb3d30d21a698ad1f1760d.jpg, 0, 1, 0
Riksha-38-_jpg.rf.d05bb1350cab7de6df5790ec7edac767.jpg, 1, 0, 1
Car-35-_jpeg.rf.ce71f5052ee2aff09864b66356b28b5d.jpg, 1, 1, 0
Car-13-_jpeg.rf.cd7cc9690c1c321f7522423730238d26.jpg, 1, 1, 0
Car-52-_jpg.rf.d0a00c77671e5c327b43d3474cd2df36.jpg, 0, 1, 0
Car-49-_jpg.rf.d08768981cc46faa113235d4d3b442b7.jpg, 0, 1, 0
Bike-61-_jpeg.rf.d30c7d2ce3604871e8b3aa3a848c5ca5.jpg, 1, 0, 0
Riksha-23-_jpeg.rf.d27027cee642dd13de7b7d504b07327b.jpg, 1, 1, 1
Bike-17-_jpeg.rf.ce6b85ddf8ed23182587e9fb7ade0944.jpg, 1, 0, 0
Car-16-_jpeg.rf.d39e61b2b237691a5bc676994be7744b.jpg, 0, 1, 0
Car-8-_jpeg.rf.d1efe46d84bcef02a2a41eed2dd437e9.jpg, 0, 1, 0
Riksha-52-_jpeg.rf.cf724aea2a0f986556426d725272b3b5.jpg, 1, 0, 1
Riksha-48-_jpg.rf.d3025edfd3e989e6026e16b04650f3e4.jpg, 1, 1, 1
Riksha-21-_jpg.rf.d212d2d3c3f28e1ac454a969e892a3f4.jpg, 0, 0, 1
Bike-7-_jpeg.rf.d1abc3d4fb25dc27051829017d3db7d8.jpg, 1, 0, 0
Car-16-_jpeg.rf.d311275f55a173638d21557673915f08.jpg, 0, 1, 0
Riksha-117-_jpeg.rf.d30ccd8a7570757012ad408db58ef6df.jpg, 1, 1, 1
Car-27-_jpg.rf.d367f4fc44dc4aa5118882fb365ab8cf.jpg, 0, 1, 0
Car-53-_jpg.rf.d34e588b396684a0aea32d99e538f868.jpg, 0, 1, 0
Car-12-_jpeg.rf.d212b63e6780fc0a4725f7f1527240ce.jpg, 0, 1, 0
Riksha-58-_jpeg.rf.d47fb85525327e700107ad34264a50ef.jpg, 0, 0, 1
Riksha-23-_jpg.rf.d5439c78a33921b1d52e79847c767ff2.jpg, 1, 0, 1
Bike-1-_jpeg.rf.d0d4d02294b4a4ca8ec84e2dce08b259.jpg, 1, 0, 0
Car-3-_jpeg.rf.d1c549488fc71e1c037d2e24c6b098d6.jpg, 0, 1, 0
Bike-93-_jpeg.rf.d4326a0a2416a6986f75edd14e358c1a.jpg, 1, 0, 0
Bike-61-_jpeg.rf.d3b95dd38585bd274153a39c538aaee1.jpg, 1, 0, 0
Car-10-_jpeg.rf.d5024980a70c3bb387cfa833f2046cb2.jpg, 1, 1, 0
Car-61-_jpg.rf.d53589a28bb42182b7856c9797fe8641.jpg, 0, 1, 0
Riksha-42-_jpg.rf.d4c73bf7e01b0c2beb506d237ce02292.jpg, 0, 0, 1
Car-10-_jpeg.rf.d46c5d75e75b312200626f3642a7e312.jpg, 0, 1, 0
Riksha-40-_jpeg.rf.d4d60da56eae00a96463bdb16a81e19e.jpg, 0, 1, 1
Riksha-47-_jpg.rf.d5aeabf6b3c67e497d7e0c80e47ac3b8.jpg, 0, 0, 1
Bike-58-_jpeg.rf.d5866824706310db41cfe198267ccde6.jpg, 1, 0, 0
Riksha-33-_jpg.rf.d5fd5aada21bf36ab37746e1756b896a.jpg, 0, 0, 1
Riksha-1-_jpg.rf.d74cb66e0dc258cca77a4ed37de7fb67.jpg, 0, 0, 1
Bike-24-_jpeg.rf.d8e8af00d5158336ce22f8ced7076f7a.jpg, 1, 0, 0
Car-2-_jpeg.rf.d5784109096ecf21f00203e1cedfd374.jpg, 0, 1, 0
Riksha-119-_jpeg.rf.d83cfff1212afb78adca0f7411e1c891.jpg, 1, 1, 1
Bike-44-_jpeg.rf.da1195a85fe0e09c315f5b15b448bae4.jpg, 1, 0, 0
Car-7-_jpeg.rf.d5cfb06c2f568cd225298f728cfdf53e.jpg, 0, 1, 0
Bike-72-_jpeg.rf.da8231d9ee542f1086c3b4a8ff0ce02c.jpg, 1, 0, 0
Car-10-_jpeg.rf.da538fa4edff63f8ce6db70d02d7480c.jpg, 0, 1, 0
Riksha-21-_jpeg.rf.dbae354b34339c396cc0765921fcbbd3.jpg, 1, 0, 1
Car-34-_jpg.rf.d606169da7030b0fd1123782b7f41a5e.jpg, 0, 1, 0
Bike-48-_jpeg.rf.d55ba82a35d3c2edcd14e2416b787021.jpg, 1, 0, 0
Bike-45-_jpeg.rf.d1b859a9ffdce8471184e7bc6be56915.jpg, 1, 0, 0
Car-26-_jpg.rf.d6bba7ec232b901ac4ce3e609e96e9b3.jpg, 0, 1, 0
Car-34-_jpg.rf.da2c179516d1befd88912a4a730033be.jpg, 0, 1, 0
Bike-77-_jpeg.rf.daea368a58f975954c8f6f496fc1648a.jpg, 1, 0, 0
Car-19-_jpeg.rf.dc6f93c56ad85cad81642d32660e2ebc.jpg, 1, 1, 1
Bike-103-_jpeg.rf.d9c3495f30382548d2eb2acc46f78e25.jpg, 1, 0, 0
Car-19-_jpg.rf.d7a24b0bc0c448b6bbbfe7d0a0e7d3fc.jpg, 0, 1, 0
Riksha-48-_jpeg.rf.d6b0ee89728ca94a98dbee849c106735.jpg, 1, 1, 1
Car-38-_jpeg.rf.d3ee2aab24ca7aeb35a69acd29ba7527.jpg, 1, 1, 0
Riksha-19-_jpg.rf.d92bd92bd0a9d1319faae54e85d5acf7.jpg, 0, 0, 1
Car-20-_jpg.rf.d8cc22914aacc35cf2cb88faa7c639be.jpg, 0, 1, 0
Bike-43-_jpeg.rf.d848de8dea6717019666a14595c8c01e.jpg, 1, 0, 0
Car-11-_jpeg.rf.dc58765be00720f6e3eb85e37733ddc8.jpg, 1, 1, 0
Bike-4-_jpeg.rf.dc797025ec905922e47c677b258350be.jpg, 1, 0, 0
Car-38-_jpeg.rf.df38a3f45018214751eea16106dfee01.jpg, 1, 1, 0
Bike-51-_jpeg.rf.dcfe3dd2cf46a326fd9927b01f223eb2.jpg, 1, 0, 0
Riksha-45-_jpg.rf.dcd2bb4da3766f3b9f7f912fedc86e70.jpg, 0, 0, 1
Riksha-26-_jpg.rf.ddcad5aceb88997459dbb0038362e487.jpg, 0, 0, 1
Car-17-_jpeg.rf.df072545f85f432d228679106a47eaad.jpg, 0, 1, 0
Bike-10-_jpeg.rf.ddcd1778bf33d418b3cc8c390ecefd26.jpg, 1, 0, 0
Riksha-30-_jpg.rf.deb1f4636e6766fd66ac34284c28b5ca.jpg, 0, 0, 1
Bike-95-_jpeg.rf.dd1650f7d882fa79a2ee6b119670b572.jpg, 1, 0, 0
Riksha-6-_jpeg.rf.ded5a94bd4438ee3d44aa82604a26a21.jpg, 1, 1, 1
Bike-43-_jpeg.rf.df42993cae35ac4d703bc0f25ebe414b.jpg, 1, 0, 0
Bike-44-_jpeg.rf.db0519b19c73b4f7b28c9316a4d96e04.jpg, 1, 0, 0
Riksha-119-_jpeg.rf.ddb181f317b346ee906d50a2d60e4324.jpg, 1, 1, 1
Car-12-_jpeg.rf.dcf7b0a96b9c3d1de631b6b04032faf9.jpg, 1, 0, 0
Bike-100-_jpeg.rf.de36682d2f825449340e2a77e5b1a765.jpg, 1, 0, 0
Bike-95-_jpeg.rf.e00a9d51f8507634c95d20a9f49cc3f2.jpg, 1, 0, 0
Car-19-_jpeg.rf.de7faa93459728c3bb2bca6bfaf112ee.jpg, 1, 1, 1
Bike-11-_jpeg.rf.df8096475c490b8fe3faff9c9ca55c45.jpg, 1, 0, 0
Bike-106-_jpeg.rf.dfe68e200d406cce08009671548e1c21.jpg, 1, 0, 0
Riksha-38-_jpeg.rf.e0ea775d6e711a2e467996881978c610.jpg, 1, 1, 1
Car-53-_jpg.rf.dfb02f77cb2182e8eea6aafa9765e1cf.jpg, 0, 1, 0
Bike-98-_jpeg.rf.de8e561175e187d99c5f53c9d8e5fc87.jpg, 1, 0, 0
Car-59-_jpg.rf.dec54e432ec795c847486d00080bb3a1.jpg, 0, 1, 0
Riksha-41-_jpg.rf.e21a965b92107f4f4cef37d1325eadaa.jpg, 0, 0, 1
Car-14-_jpg.rf.e04711116f8f04c939beede09a1ac9ef.jpg, 1, 1, 0
Bike-93-_jpeg.rf.e145225fc77ce3e40bafa87349c8e476.jpg, 1, 0, 0
Riksha-43-_jpeg.rf.e231849f22de835f846d0b80b74f00c2.jpg, 1, 0, 1
Car-12-_jpg.rf.e27a7f4f048fa050ce219e732c89ff05.jpg, 0, 1, 0
Car-61-_jpg.rf.e6e7f278d15a2ed63073169c9ce42df5.jpg, 0, 1, 0
Car-25-_jpeg.rf.e640b7fd7fc958c7771e95014fee5037.jpg, 1, 1, 0
Car-54-_jpg.rf.e50a38c3acdba24f79f24852b8f5d350.jpg, 0, 1, 0
Bike-14-_jpeg.rf.e2b8236ce9986b35658df116ca7e04e7.jpg, 1, 0, 0
Riksha-36-_jpeg.rf.e6228d769afdf2ae39916e475dcb61fd.jpg, 0, 0, 1
Car-62-_jpg.rf.e55f27fc82e835eb5abbfc34340c9840.jpg, 0, 1, 0
Car-14-_jpeg.rf.e6e84e15214d7b6a757892008d37aeb5.jpg, 0, 1, 0
Car-13-_jpeg.rf.e32b71fa21898a97ba4e02605519fd43.jpg, 1, 1, 0
Car-63-_jpg.rf.e7ff3c653cac9a218c335021313575cd.jpg, 0, 1, 0
Bike-39-_jpeg.rf.e60e7d178a46aaebeff69cc47d24b1e8.jpg, 1, 0, 0
Car-11-_jpeg.rf.e8701547bffe282e2c9246efb6ef10f1.jpg, 1, 1, 0
Riksha-37-_jpeg.rf.e2e6b456fabd69e3530d1972e04ee4d3.jpg, 1, 1, 1
Riksha-44-_jpeg.rf.e4945d3f38d0d99972c9faadeed69127.jpg, 0, 0, 1
Bike-48-_jpeg.rf.e478963815428c217eec2d88a96bd123.jpg, 1, 0, 0
Riksha-43-_jpeg.rf.e716c129f02fff3422f9bdbf1d805b42.jpg, 1, 0, 1
Riksha-25-_jpg.rf.e53823e196944a315b1298f65aea8886.jpg, 0, 1, 1
Riksha-32-_jpeg.rf.e86d9edc9317f0d3f3df07ba6b88684d.jpg, 1, 1, 1
Car-25-_jpg.rf.e79cb8ed1489f7a981f9a7151305691c.jpg, 0, 1, 0
Car-38-_jpeg.rf.e7c06a3c328557e9022b3f9c17a3c9ce.jpg, 1, 1, 0
Bike-6-_jpeg.rf.e570c5797e2f415ce960bdcbb7004280.jpg, 1, 0, 0
Car-51-_jpg.rf.ea100cdac54e23898e2b81d4bddce4e6.jpg, 0, 1, 0
Bike-100-_jpeg.rf.e373c1c89a7a4282cbd6fe3f8af75649.jpg, 1, 0, 0
Bike-47-_jpeg.rf.e8f86f476655358d93f93a5c99f13827.jpg, 1, 0, 0
Car-5-_jpeg.rf.ea094aaa21ffb321efcb544c7251fc74.jpg, 0, 1, 0
Riksha-27-_jpg.rf.e48dcf8813d04e6f308c489837bbeb42.jpg, 0, 0, 1
Riksha-32-_jpeg.rf.e772616e4519ec0ca7e8d76edf0d2e50.jpg, 1, 1, 1
Riksha-39-_jpeg.rf.ecdd2aab9f582f13c5ea43d12cbc617e.jpg, 1, 0, 1
Car-13-_jpeg.rf.ed6b54d8e93865608a7a3c35c6a543ca.jpg, 0, 1, 0
Riksha-37-_jpeg.rf.ec9033e139c37d0f7ff0833f560e69a4.jpg, 1, 1, 1
Riksha-116-_jpeg.rf.edacdee02b4c52450c382c4c2f59f945.jpg, 1, 0, 1
Car-100-_jpg.rf.e874621385cf09d270d3c76d671394cb.jpg, 0, 1, 0
Bike-13-_jpeg.rf.e8e0abf75f5a77b6a728359af0a2dbbf.jpg, 1, 0, 0
Bike-82-_jpeg.rf.ecfd579228c9c0af4478eaf51baf27b5.jpg, 1, 0, 0
Riksha-2-_jpeg.rf.edb82c259f639db658e109b9f9b02d25.jpg, 1, 1, 1
Riksha-118-_jpeg.rf.eae18bd04f5eb533a72c660aded14b50.jpg, 1, 1, 1
Bike-99-_jpeg.rf.ebba595064a1d9d0d8553253030f5511.jpg, 1, 0, 0
Bike-97-_jpeg.rf.ee75c89241f5532f8d44c1205a120da5.jpg, 1, 0, 0
Riksha-33-_jpeg.rf.ec5afbc317f01ce4ef32148287cf1d15.jpg, 1, 1, 1
Bike-102-_jpeg.rf.e7e80be13ff2dbee8d911de312015373.jpg, 1, 0, 0
Riksha-3-_jpeg.rf.ee6784c6c231f0b7482164be870e12c9.jpg, 0, 0, 1
Bike-32-_jpeg.rf.e9aa8f3dd3e3663ada819975cb0f24fc.jpg, 1, 0, 0
Riksha-45-_jpeg.rf.ee78a3fcaa8d2a8ffa71e323e61c913d.jpg, 1, 1, 1
Car-9-_jpeg.rf.ed305f2d795e2873cb589db970137ec8.jpg, 0, 1, 0
Riksha-69-_jpeg.rf.ed0e8fc24250a265abba57d7eb9e0927.jpg, 0, 0, 1
Riksha-3-_jpg.rf.eefc4a9e213c8eb784e65caa8a33c2ae.jpg, 0, 0, 1
Car-25-_jpeg.rf.ef43aea8bceb0a2804f41e2f895e3733.jpg, 1, 1, 0
Riksha-35-_jpeg.rf.ef41d2a1a761e6957607a6e1b5a3d51f.jpg, 0, 0, 1
Riksha-42-_jpeg.rf.ef58498125eae28cc3092e1900ba3077.jpg, 1, 1, 1
Bike-22-_jpeg.rf.ef53ccc2d954c8a6ad16ed3930ab7fdf.jpg, 1, 0, 0
Riksha-67-_jpeg.rf.ee896463a7e241559ca2d8cb5d34ae18.jpg, 0, 0, 1
Bike-80-_jpeg.rf.ebe9e0b634449c3028758e1b351bb3f3.jpg, 1, 0, 0
Car-17-_jpeg.rf.f10043d1d911e045a7d05141f16a121f.jpg, 0, 1, 0
Bike-86-_jpeg.rf.ef893cf352e02e925b8aa486d908f95d.jpg, 1, 0, 0
Riksha-22-_jpg.rf.f16d7df38a4e8f963cd90ed797545dd0.jpg, 0, 0, 1
Riksha-32-_jpg.rf.f2169c21819c48e30d0da71e4a18005e.jpg, 0, 0, 1
Riksha-67-_jpeg.rf.f1e4988825cf8288e34e420c6d81848f.jpg, 0, 0, 1
Riksha-61-_jpeg.rf.f30ec8701174440edda5fe243e0c8bf7.jpg, 0, 0, 1
Bike-81-_jpeg.rf.f124a20cc03296fcf3d7dc64ec8f85aa.jpg, 1, 0, 0
Bike-36-_jpeg.rf.f240d31fc28df03ac2a29958894694a4.jpg, 1, 0, 0
Bike-33-_jpeg.rf.f4e6328428dfcca7ef73607d02d6b9a3.jpg, 1, 0, 0
Car-19-_jpg.rf.f3c282159a6df4dc44daeea23869a726.jpg, 0, 1, 0
Riksha-66-_jpeg.rf.f225f0cb2644d30ebdcb7278baef6ca2.jpg, 1, 1, 1
Bike-27-_jpeg.rf.f498202594b273c0cd3e2f02b85a103b.jpg, 1, 0, 0
Bike-59-_jpeg.rf.f044ad3de94ab9005ad154de13a654aa.jpg, 1, 0, 0
Riksha-5-_jpg.rf.f3f286da1ab0c10057baee1fe7853365.jpg, 0, 0, 1
Riksha-18-_jpeg.rf.f3227b74ce9062a7485ddd000ee98cae.jpg, 1, 1, 1
Car-5-_jpeg.rf.f395f31536e701d3f6a0da2391887dd4.jpg, 0, 1, 0
Car-2-_jpeg.rf.f0b43544f6838f15d73409e934c29943.jpg, 1, 1, 0
Riksha-41-_jpg.rf.f2c61a1083d46045ac2cd451011dff64.jpg, 0, 0, 1
Riksha-10-_jpeg.rf.ef637ae81073b4607f99a323d487979a.jpg, 0, 1, 1
Car-32-_jpg.rf.f6af3a27325513443215825fd4a62624.jpg, 0, 1, 0
Bike-101-_jpeg.rf.f4ea256053781a0ac456bef6eaaca217.jpg, 1, 0, 0
Riksha-48-_jpg.rf.ef96ce0766f63c6e22a9d41d9e0eacdb.jpg, 1, 1, 1
Bike-76-_jpeg.rf.f51de64efd4a92915c5f56265b558ba7.jpg, 1, 0, 0
Bike-22-_jpeg.rf.f7a39887f6671b6d6029a3ab5a3e8170.jpg, 1, 0, 0
Riksha-4-_jpeg.rf.f75e7669487e9ede5187fbe75e54c5f5.jpg, 1, 1, 1
Bike-59-_jpeg.rf.f6cef80888b622e7c7ce683b7e168651.jpg, 1, 0, 0
Bike-42-_jpeg.rf.f0ab9a9dadc04265ab33a244a4407535.jpg, 1, 0, 0
Car-7-_jpeg.rf.f5eadeadd761ad1fc8b117e44849a4d3.jpg, 0, 1, 0
Car-16-_jpeg.rf.f5c6ca4b40ec78b353fafb8e39127ad8.jpg, 0, 1, 0
Car-34-_jpeg.rf.f7ba5fe1d5cf0ab15be8bd9d3c3eb1ce.jpg, 0, 1, 0
Car-10-_jpg.rf.f6e367024e6051cc84942250f8754576.jpg, 0, 1, 0
Car-36-_jpg.rf.f7156e4216368a683bd787d8e580a1f8.jpg, 0, 1, 0
Car-3-_jpeg.rf.f745e97bb5717c5c719d0877874dee55.jpg, 0, 1, 0
Riksha-26-_jpeg.rf.f67552044b3cd41672c01f65a78e30b4.jpg, 0, 1, 1
Car-26-_jpeg.rf.f52d114c2d0e68f0a644bd092a70c030.jpg, 0, 1, 0
Riksha-65-_jpeg.rf.f8bdf702290b9da7116792cce363ec9f.jpg, 1, 0, 1
Bike-67-_jpeg.rf.f7bbff0b6930c801ed5b75627e285703.jpg, 1, 0, 0
Car-69-_jpg.rf.f7f0404bb5cc06a1a5c555a958cce85e.jpg, 0, 1, 0
Car-44-_jpeg.rf.f7c12333bb2f5e00a04df380831cdead.jpg, 0, 1, 0
Riksha-8-_jpeg.rf.f8c8bcebee6d51cd694641fe880f239b.jpg, 1, 1, 1
Riksha-16-_jpg.rf.f8f0570c8d40a3350565b1a2157bf604.jpg, 0, 0, 1
Riksha-64-_jpeg.rf.fb0bf0957490afffbcf2ac1221164493.jpg, 1, 1, 1
Bike-26-_jpeg.rf.fb3571ca7428d45702b2c804fe0089a1.jpg, 1, 0, 0
Bike-54-_jpeg.rf.fa2dd549d5397439b170c580de5e4bb8.jpg, 1, 0, 0
Riksha-21-_jpg.rf.f982815e1fc5539f9bc32c7f6b8e37e7.jpg, 0, 0, 1
Bike-64-_jpeg.rf.f9cf52f60cfd22721903c4ab52cce021.jpg, 1, 0, 0
Car-24-_jpeg.rf.f72c953b0a1ba4e39d295c22743cf252.jpg, 0, 1, 0
Bike-7-_jpeg.rf.f93d01ab7632a96fe26e10a487d5a040.jpg, 1, 0, 0
Riksha-49-_jpg.rf.fb1d03d15f60747d90e8493f4a30ab9a.jpg, 0, 0, 1
Bike-38-_jpeg.rf.fbf40b47ed7e24a48c4dea44fb10429e.jpg, 1, 0, 0
Riksha-64-_jpeg.rf.f8db3bc3cfd2502cc3737024252569be.jpg, 1, 1, 1
Car-30-_jpeg.rf.81f75c82975a82a1f9fd2eae715ebd15.jpg, 1, 1, 0
Riksha-22-_jpg.rf.82978724c637589bd3686cababf7dd96.jpg, 0, 0, 1
Car-34-_jpeg.rf.82d856b054eb009ca07791ae1e098708.jpg, 0, 1, 0
Bike-16-_jpeg.rf.8328f2330e7a027645f4296b5683a8f3.jpg, 1, 0, 0
Riksha-39-_jpg.rf.83a053b0d801e2e87bee6460368928a2.jpg, 0, 0, 1
Car-60-_jpg.rf.843391507f874ddc0fa88c45d21b8052.jpg, 0, 1, 0
Bike-16-_jpeg.rf.83371ea1c37935dcd685663ad0e0e576.jpg, 1, 0, 0
Car-2-_jpeg.rf.839089b006ad0c7e1ad55696073596a2.jpg, 1, 1, 0
Riksha-37-_jpeg.rf.8448c099a6a44870a90daa06a0eb59d2.jpg, 1, 1, 1
Car-7-_jpeg.rf.84ea920af0089370006b871e141c1b00.jpg, 0, 1, 0
Car-57-_jpg.rf.849601bf56f7ce84401f851670cd5d3f.jpg, 0, 1, 0
Riksha-19-_jpeg.rf.84e47dfa75af676c7cd924d7ac499b52.jpg, 1, 1, 1
Riksha-22-_jpg.rf.8437bb060bf491d27560ddc6b5b6a69e.jpg, 0, 0, 1
Car-21-_jpeg.rf.84f3d8b7ec8d364eba73d2317dc292f4.jpg, 1, 1, 0
Bike-78-_jpeg.rf.82f7031b2360f51c1c96d1a98faaf9a0.jpg, 1, 0, 0
Bike-90-_jpeg.rf.830826428f1b323b5669a00e43c272aa.jpg, 1, 0, 0
Bike-79-_jpeg.rf.852767d688fe6251d420954a9304e1f7.jpg, 1, 0, 0
Bike-5-_jpeg.rf.857fe4693f3f7df48cbaba317c8cda07.jpg, 1, 0, 0
Bike-69-_jpeg.rf.857f752993f7aeed18820818cc76e710.jpg, 1, 0, 0
Car-22-_jpeg.rf.861672b3e13fb6111c86759a3f28311d.jpg, 0, 1, 0
Bike-1-_jpeg.rf.8551a7da2940ab475888f220637c2948.jpg, 1, 0, 0
Car-14-_jpeg.rf.86309476bb19b0fd4a3227c8862c8920.jpg, 0, 1, 0
Car-12-_jpg.rf.866c0f05d39625e75d71ad4cfe462c64.jpg, 0, 1, 0
Bike-8-_jpeg.rf.868899890f9e0e26286b23b93d3b1a0f.jpg, 1, 0, 0
Bike-88-_jpeg.rf.8689cd974a16c0f51ab3644e49a7ba78.jpg, 1, 0, 0
Car-18-_jpeg.rf.8709801a01483262fd943836ebfec421.jpg, 0, 1, 0
Bike-79-_jpeg.rf.86d7b8530336e78cc264282bbb4f2dd0.jpg, 1, 0, 0
Bike-4-_jpeg.rf.87c9b1e392c9508942621041c6ac9920.jpg, 1, 0, 0
Riksha-68-_jpeg.rf.8837f6f5cc81e352aeee0f90904da6ed.jpg, 0, 0, 1
Bike-35-_jpeg.rf.8828124932002010fe3d2ada20c52391.jpg, 1, 0, 0
Car-32-_jpg.rf.8a5073dfa7792dc00dfb5ded1fc92aeb.jpg, 0, 1, 0
Riksha-8-_jpg.rf.899ceb5d40cb6fb65c85705cead13d89.jpg, 0, 0, 1
Riksha-120-_jpeg.rf.89c88ace71d5f871ee1775cd9ae4fd6f.jpg, 1, 1, 1
Riksha-14-_jpg.rf.89be71d0f7997ca67b137df828f0a289.jpg, 0, 1, 1
Car-10-_jpeg.rf.8c4c6c0835883db9fbeb5274cf239b16.jpg, 0, 1, 0
Riksha-7-_jpeg.rf.87edd707731733c2796ba8b3d3ee4cf9.jpg, 1, 1, 1
Riksha-69-_jpeg.rf.89efa0b674d278c810805812abfd5265.jpg, 0, 0, 1
Car-15-_jpeg.rf.879059e5a93c007f56b1efe178aef45e.jpg, 1, 1, 0
Car-43-_jpeg.rf.8c937c1f5909c4ab146b3731b131e4d9.jpg, 0, 1, 0
Car-65-_jpg.rf.8aa8f06b22a912f3166e1c71af4dd42d.jpg, 0, 1, 0
Riksha-20-_jpg.rf.8c3e126d656a7884146ab4f07aad0444.jpg, 0, 1, 1
Riksha-4-_jpeg.rf.8ba9a86815d420c86577adb05d09d00a.jpg, 1, 1, 1
Bike-87-_jpeg.rf.8b645926e7ff91be827ecbba9c053788.jpg, 1, 0, 0
Car-3-_jpeg.rf.8bac66f7649890c79292eb983525d105.jpg, 0, 1, 0
Car-6-_jpeg.rf.891491387d675ebb45ae80ceaf63fdf6.jpg, 1, 1, 0
Bike-103-_jpeg.rf.8833e07c9443adff24bec2f07760f673.jpg, 1, 0, 0
Car-61-_jpg.rf.8a43f7dbefa7306eabc14ec42cf0f359.jpg, 0, 1, 0
Bike-61-_jpeg.rf.88f529b0916d34b34faba84e742a2c02.jpg, 1, 0, 0
Bike-84-_jpeg.rf.8de5c21ec9e2bfeb72047f55b764d735.jpg, 1, 0, 0
Riksha-1-_jpeg.rf.8b26f3a2c6d8b27c232df7df89524f69.jpg, 0, 1, 1
Riksha-66-_jpeg.rf.8fe9f2ce7a7730c2cc7c56c26b6ed4f3.jpg, 1, 1, 1
Bike-85-_jpeg.rf.8df17fdd4f035307d3330f708240789d.jpg, 1, 0, 0
Bike-40-_jpeg.rf.8ac9ac2e8f35b7ad2c4c79cb6359e4cf.jpg, 1, 0, 0
Car-49-_jpg.rf.8d2c8786cb5d18691661482b4a4aaa17.jpg, 0, 1, 0
Bike-31-_jpeg.rf.901e72d2cdb43e980c40e2340bb6802d.jpg, 1, 0, 0
Car-16-_jpg.rf.9000f823f5de31a10846dae6220cd5d1.jpg, 0, 1, 0
Riksha-43-_jpg.rf.8d5be0422a088dee94f37e7cc8ac73e2.jpg, 0, 0, 1
Bike-29-_jpeg.rf.901f0f18c0082177447100f5098fe97c.jpg, 1, 0, 0
Riksha-19-_jpg.rf.8df4ca9100c099a9b228a2ad392a8a2a.jpg, 0, 0, 1
Car-32-_jpeg.rf.8fc37acbfe4ef0632f6ced2dafcf94eb.jpg, 0, 1, 0
Car-3-_jpg.rf.8e605d6a253fe5c9745f11ea79021b0c.jpg, 1, 1, 0
Car-66-_jpg.rf.90cca52354399bd4490ae708b2c269d9.jpg, 0, 1, 0
Car-11-_jpg.rf.8c24af17246d79d6151dfc1f44f52631.jpg, 0, 1, 0
Riksha-16-_jpg.rf.90ec1a035dcfa7969440068717f82e85.jpg, 0, 0, 1
Car-10-_jpg.rf.911ff46e2939246161f7e0757f4dd290.jpg, 0, 1, 0
Car-27-_jpeg.rf.90f5e70ecf1dacc4e71183c5259d88e7.jpg, 1, 1, 0
Bike-45-_jpeg.rf.931b7e5bff5d788fd77f8b1d65d174db.jpg, 1, 0, 0
Riksha-28-_jpeg.rf.919352e5a67b8e7415a6f9aea44d895c.jpg, 0, 0, 1
Car-12-_jpeg.rf.9286d549f7d110213f85c7b757ac053c.jpg, 0, 1, 0
Car-68-_jpg.rf.90aa79f47ae88cfd6d20b8b7c47c0bdc.jpg, 0, 1, 0
Riksha-40-_jpg.rf.9251732d2246e914bd4c04e2a4f3d084.jpg, 0, 0, 1
Riksha-10-_jpeg.rf.914dfc888eec211eeaaae1d208f56c44.jpg, 0, 1, 1
Car-14-_jpg.rf.92ac45681810c1f47daa8e66894aaff0.jpg, 1, 1, 0
Bike-75-_jpeg.rf.9417e458c630930249b84b13595d5cd8.jpg, 1, 0, 0
Riksha-1-_jpeg.rf.919e42a949a6b6709a065dedd4467ca0.jpg, 0, 1, 1
Car-65-_jpg.rf.933f860e2483e24a2fdeedaff47660ae.jpg, 0, 1, 0
Car-17-_jpeg.rf.95ec5d2f4c29547a6d6cf6543ede51f9.jpg, 1, 1, 0
Car-6-_jpeg.rf.93f5694d118ccfdbcba2839b56d00d9c.jpg, 1, 1, 0
Car-16-_jpeg.rf.95ccfed0b969a40bf1aba3c704e50828.jpg, 0, 1, 0
Bike-92-_jpeg.rf.937175278e76ee238cec798e4df2d039.jpg, 1, 0, 0
Bike-9-_jpeg.rf.932d0fffaaf76615a07d36ff1a694212.jpg, 1, 0, 0
Bike-73-_jpeg.rf.93f2542ba03017c7c2307e085ee4fbbd.jpg, 1, 0, 0
Riksha-44-_jpeg.rf.95ab6f04a7d9f822d05002dec8de7a06.jpg, 0, 0, 1
Riksha-45-_jpg.rf.971d887b4dacc616cdbfe5e8ee8022ea.jpg, 0, 0, 1
Car-4-_jpeg.rf.96f854f89ff29d78f759c1c272d66b47.jpg, 0, 1, 0
Riksha-26-_jpeg.rf.9722f8ce4dd0f61a634a7d84fa868d0c.jpg, 0, 1, 1
Bike-48-_jpeg.rf.95eb6687047f12d810fd64d2ee052a04.jpg, 1, 0, 0
Car-41-_jpeg.rf.96951c88ed5a1e6b99f495b33449bfe1.jpg, 0, 1, 0
Riksha-14-_jpg.rf.988ed5e0efbd59656e905427f645ff91.jpg, 0, 1, 1
Bike-50-_jpeg.rf.97de53a9f04b999ca2a5e40947083a9a.jpg, 1, 0, 0
Car-36-_jpg.rf.989db2f34cdbeecc7961b1c1c17ce3dd.jpg, 0, 1, 0
Bike-30-_jpeg.rf.95c64fb5d8f39b8cda07d86963eb3899.jpg, 1, 0, 0
Bike-24-_jpeg.rf.95f049a390e6a71617cf0fa985cc638a.jpg, 1, 0, 0
Car-10-_jpeg.rf.98de72393140e63efed38d9dad3b4e2c.jpg, 1, 1, 0
Riksha-53-_jpeg.rf.9bed8d5bfe9810822952e802ba50b6fe.jpg, 0, 0, 1
Bike-77-_jpeg.rf.9a1f30c6beb347241bbce1e2b1ec75db.jpg, 1, 0, 0
Car-11-_jpeg.rf.98e8e127be59604864858965ac2b8dd1.jpg, 1, 1, 0
Bike-74-_jpeg.rf.99c816de45936dc1242b515e1fae5fa6.jpg, 1, 0, 0
Riksha-1-_jpg.rf.996c4694b310d381d8c5818c2fd73644.jpg, 0, 0, 1
Riksha-51-_jpeg.rf.9ca1b33f9ed728465c13613b42df5080.jpg, 1, 1, 1
Riksha-41-_jpg.rf.9c54a8f96c39cdb24905c51dba41ea1f.jpg, 0, 0, 1
Riksha-57-_jpeg.rf.9afc83a5a9cc4f786a628e673ab820cc.jpg, 0, 0, 1
Bike-32-_jpeg.rf.94d90d6646b4ec3ad2eafb4d4423eae4.jpg, 1, 0, 0
Riksha-30-_jpeg.rf.9ae54075d5b8b0a14bf1145e4f25c581.jpg, 0, 1, 1
Riksha-64-_jpeg.rf.99dc5b775205cb18e044a41b1d94dfda.jpg, 1, 1, 1
Riksha-22-_jpeg.rf.9d26d01faec7fe267415d5cbce89090d.jpg, 1, 1, 1
Bike-68-_jpeg.rf.9af83233a7f3495acccfaab4df74afdb.jpg, 1, 0, 0
Bike-23-_jpeg.rf.9f659c57142ff48014bc82b36c88398c.jpg, 1, 0, 0
Bike-35-_jpeg.rf.98a6d7dda10cb579e11d5a6a76817925.jpg, 1, 0, 0
Riksha-52-_jpeg.rf.9a8821088a4b9e4a2950b0fdf478ff9d.jpg, 1, 0, 1
Car-24-_jpg.rf.9c4641cae452f3704bfd209888480f3a.jpg, 0, 1, 0
Riksha-29-_jpeg.rf.9d3665e58d6fe953e6219a4a871d3f2d.jpg, 0, 1, 1
Car-29-_jpeg.rf.a0394b64e02946c8252b3e1033c4ca26.jpg, 1, 1, 0
Car-56-_jpg.rf.9d6f885c3eae218474771b4ca95d93f3.jpg, 0, 1, 0
Car-22-_jpg.rf.98388cad7bef491a7d8f94244529dfdf.jpg, 0, 1, 0
Riksha-12-_jpeg.rf.9fc59bb7ae40f6e9f1675e8cb6804b80.jpg, 0, 0, 1
Riksha-7-_jpg.rf.9fffea7d47cc0e43bf3e606c4a946e77.jpg, 0, 0, 1
Bike-81-_jpeg.rf.9cb64be564938f95d4034a23afbfd97f.jpg, 1, 0, 0
Riksha-42-_jpg.rf.9d73abeea3716b5c667b713d9a96d204.jpg, 0, 0, 1
Riksha-28-_jpg.rf.a11f622877a525bbd8a1a30a6d99403e.jpg, 1, 1, 1
Riksha-8-_jpeg.rf.a0fda55c209b5d16436b6d9198a82f32.jpg, 1, 1, 1
Riksha-32-_jpeg.rf.9f71686d1cb60c0c5406d9eb7450c04c.jpg, 1, 1, 1
Bike-15-_jpeg.rf.9f94f6b335031cc19286869916645ee0.jpg, 1, 0, 0
Riksha-11-_jpeg.rf.9fa8ea893fea6cb366aa73ff6404ccfe.jpg, 0, 1, 1
Bike-4-_jpeg.rf.9e9426673cb7abc55b82030e076ae157.jpg, 1, 0, 0
Riksha-54-_jpeg.rf.a1b45c8ecceabd66092217b000ddb86c.jpg, 1, 0, 1
Car-67-_jpg.rf.a386b8be8f5a3b6e0882fdfcdac4df46.jpg, 0, 1, 0
Car-2-_jpeg.rf.a313f153127215445daf816d39854614.jpg, 0, 1, 0
Riksha-68-_jpeg.rf.a14e0c27b206450be7d1abf305baf9ea.jpg, 1, 1, 1
Bike-84-_jpeg.rf.a3e7d79d8a36d5ee78b94a6aa986d0d4.jpg, 1, 0, 0
Riksha-36-_jpg.rf.a03774b7cee8785de21be2a05c1d76b3.jpg, 1, 0, 1
Car-15-_jpg.rf.a1f410e06209c6d17a2a9dca472e1b30.jpg, 0, 1, 0
Car-15-_jpg.rf.a2fbd9c778df40de21d258c4549613d4.jpg, 0, 1, 0
Riksha-34-_jpg.rf.a1d722076e7c0f09d4c0a6eadf732b15.jpg, 1, 0, 1
Bike-105-_jpeg.rf.a37ee5e897b45f2f1f6644dada7379f5.jpg, 1, 0, 0
Bike-55-_jpeg.rf.9fdda9f18552c721c16f6a1084976cab.jpg, 1, 0, 0
Car-4-_jpeg.rf.a21d61760defa9a8f111db4c672f0348.jpg, 1, 1, 0
Bike-67-_jpeg.rf.a41394228ab8a3eac27a5cad17594374.jpg, 1, 0, 0
Car-69-_jpg.rf.a1e07dcc5bb4c3030a96990579bc14e0.jpg, 0, 1, 0
Bike-101-_jpeg.rf.a32de8849ed482a523524f867b6006db.jpg, 1, 0, 0
Riksha-9-_jpeg.rf.a4ccaef2658663f752fb0b7015e1e222.jpg, 1, 1, 1
Bike-5-_jpeg.rf.a373f83d64e52801435921d295b5dbf1.jpg, 1, 0, 0
Bike-2-_jpeg.rf.a2e26d867e569af5a89dbe6a0703e2e5.jpg, 1, 0, 0
Riksha-36-_jpeg.rf.a5027f93bf9939f061835600526e0238.jpg, 0, 0, 1
Bike-62-_jpeg.rf.a3bd1db369be207c4ce1b362e19745dd.jpg, 1, 0, 0
Bike-78-_jpeg.rf.a5093e3cf81e723ca5c4396b4396f4ac.jpg, 1, 0, 0
Riksha-40-_jpeg.rf.a6515cb1db63e5d694f0b7338df123dd.jpg, 0, 1, 1
Bike-3-_jpeg.rf.a85c7c2829c5e83e8fc84e09697e8f5d.jpg, 1, 0, 0
Bike-88-_jpeg.rf.a52fe3c857510a09e614752e5b1326f6.jpg, 1, 0, 0
Riksha-27-_jpeg.rf.8eb298dd55bfd2709dd1c41e531a584f.jpg, 1, 0, 1
Car-8-_jpeg.rf.a5db484cebe1da6ab4bb230555d3c229.jpg, 1, 1, 0
Bike-60-_jpeg.rf.a5bfe25f03c28999f08088e1843adcad.jpg, 1, 0, 0
Bike-63-_jpeg.rf.a67ace76577029c18c42b2b493a98b0d.jpg, 1, 0, 0
Riksha-36-_jpg.rf.aa0d6643ceda13714b416c9cb0faa960.jpg, 1, 0, 1
Bike-12-_jpeg.rf.a597d64273a66a1fe1fa9460710568ed.jpg, 1, 0, 0
Bike-17-_jpeg.rf.a5875f034a9020396fd714e6cd71ce21.jpg, 1, 0, 0
Car-12-_jpeg.rf.aa3313d6d72d0b552c5b6ef02234e455.jpg, 1, 0, 0
Bike-89-_jpeg.rf.aae210388947f102eea5816ee5190e7e.jpg, 1, 0, 0
Car-41-_jpeg.rf.a627bcae9b536d6099ad4f6b00b46e3a.jpg, 0, 1, 0
Bike-68-_jpeg.rf.aa53b80699dcb7a9a92e01512da1f6ce.jpg, 1, 0, 0
Riksha-35-_jpg.rf.aaf058e1bc7a434fd9667e107e606e4e.jpg, 0, 0, 1
Car-21-_jpeg.rf.ab38549abe0cef93058891a2add84594.jpg, 1, 1, 0
Bike-57-_jpeg.rf.ac1e2365b212277cad096dfe2b541f48.jpg, 1, 0, 0
Riksha-2-_jpg.rf.a8b508b813c9c3e9ee1c8a62992f7050.jpg, 0, 0, 1
Bike-52-_jpeg.rf.aa7781dc5ee0f747bb124167fb2d577f.jpg, 1, 0, 0
Car-14-_jpeg.rf.ab104942e65d6e96093fb906b036eed8.jpg, 0, 1, 0
Riksha-26-_jpg.rf.ae2c151e3aec3fa8fe837e66e0d9b41b.jpg, 0, 0, 1
Bike-45-_jpeg.rf.aad0104a696dbc8c7f5703a4a4fb8d27.jpg, 1, 0, 0
Car-13-_jpeg.rf.acb6b480e2b7362029aab34b9904c3df.jpg, 0, 1, 0
Bike-66-_jpeg.rf.add1a0573318576db411021f7fa70021.jpg, 1, 0, 0
Bike-100-_jpeg.rf.ad16557c8a13904d91050d1a422198cb.jpg, 1, 0, 0
Bike-94-_jpeg.rf.ab008bfe50cd0d4372686921f2d62614.jpg, 1, 0, 0
Bike-89-_jpeg.rf.abe9a7b95bf60cb1054b68dc39964760.jpg, 1, 0, 0
Riksha-11-_jpeg.rf.accaacf448d2ae0d8e58672f003bb083.jpg, 0, 1, 1
Car-11-_jpg.rf.acc2ab5d3eb18e52fdf784b50a9e15f6.jpg, 0, 1, 0
Bike-25-_jpeg.rf.ae49ab2f527ac5399f531c7c113f13c0.jpg, 1, 0, 0
Bike-102-_jpeg.rf.ae324675851dd4b8ae6f41f16cf941d3.jpg, 1, 0, 0
Riksha-17-_jpg.rf.abaeda84f0d26bbfee7ee33b3d4dfe51.jpg, 0, 0, 1
Riksha-116-_jpeg.rf.aee13dd7dd6f168950c610cc0e70cad1.jpg, 1, 0, 1
Riksha-62-_jpeg.rf.b102cf36d2a4e4dd97ebc12517087281.jpg, 0, 1, 1
Bike-41-_jpeg.rf.aeaaaafe801caa60cfe20163cc379f1d.jpg, 1, 0, 0
Bike-56-_jpeg.rf.adb743f9609159c9fbf578848d77619f.jpg, 1, 0, 0
Car-42-_jpeg.rf.b0537df985cb4ac09bd79720eae4808f.jpg, 0, 1, 0
Riksha-26-_jpeg.rf.aeca2beaec7024c15395c5b6156a4785.jpg, 0, 1, 1
Car-14-_jpeg.rf.b038b477d97c6803ad33c7878a70de42.jpg, 0, 1, 0
Riksha-36-_jpeg.rf.ab867647029d9847aa8410d94e7b6aa8.jpg, 0, 0, 1
Bike-50-_jpeg.rf.ad9796813ff0fae1624016114f0abe93.jpg, 1, 0, 0
Car-2-_jpg.rf.b0332bf4cf73433488ccd2e038b934ab.jpg, 1, 1, 0
Car-36-_jpg.rf.b1301c34cb75482c784c6cb392d0c5a5.jpg, 0, 1, 0
Riksha-3-_jpeg.rf.b1d0bc07128536319bee4fd34095064b.jpg, 0, 0, 1
Car-8-_jpeg.rf.b15a486e40296419607bbdcb4660bf82.jpg, 1, 1, 0
Riksha-15-_jpeg.rf.b1c544f697198183b4d8404018537597.jpg, 1, 1, 1
Car-20-_jpg.rf.af48c170aa6006156399330cd0549f92.jpg, 0, 1, 0
Car-35-_jpg.rf.b2aa029b03ed57ace86320b7bb9c8a67.jpg, 0, 1, 0
Car-32-_jpeg.rf.b24a95d2506fb437ab434e2406e33a33.jpg, 0, 1, 0
Bike-94-_jpeg.rf.b32524a826d46c5202002c5d8507745c.jpg, 1, 0, 0
Car-58-_jpg.rf.b35499a6da64e571664872d43f0d37cc.jpg, 0, 1, 0
Car-11-_jpeg.rf.b4a967abd8a5804436f07c18917c49a5.jpg, 1, 1, 0
Car-35-_jpeg.rf.b24a076badbd73cc1d21fd54e0b9cf6d.jpg, 1, 1, 0
Car-24-_jpeg.rf.b42740bac5c94af8620ab9333d7693fe.jpg, 0, 1, 0
Riksha-2-_jpeg.rf.b5d968f2788b10475422cf7d4ab6f190.jpg, 1, 1, 1
Riksha-5-_jpeg.rf.b726eb33dc6534ce84e8f35b23323498.jpg, 1, 1, 1
Riksha-46-_jpeg.rf.b3ddfbc33e38db9bf197b2e13efd4ca5.jpg, 0, 0, 1
Car-1-_jpg.rf.b3912af24f49a786bd1d89dcdd30e48e.jpg, 0, 1, 0
Riksha-53-_jpeg.rf.b2f5bae3db15951acf71328bb43e02eb.jpg, 0, 0, 1
Car-33-_jpg.rf.b33b9ad20eea6316436e1858a12336bf.jpg, 0, 1, 0
Bike-91-_jpeg.rf.b487dffcb515ea4850f4aba5c9079e86.jpg, 1, 0, 0
Riksha-32-_jpg.rf.b4698ea6700eb908df2de514b04b8334.jpg, 0, 0, 1
Bike-86-_jpeg.rf.b9a846d8a3457053152b08ac072ccf1c.jpg, 1, 0, 0
Bike-67-_jpeg.rf.b73ae7c06aeec5b89694fb6f448cf5ca.jpg, 1, 0, 0
Bike-59-_jpeg.rf.b5ac0e23f0d8e9656483504a0847e3c0.jpg, 1, 0, 0
Riksha-6-_jpg.rf.b6735f27c13fa5b490d0b484bb0a897f.jpg, 0, 0, 1
Riksha-29-_jpg.rf.b35136d1a77e9fa267bfea7fb79c6892.jpg, 0, 1, 1
Bike-62-_jpeg.rf.b80f1a5470441bcefdbd07e4ec0e1e2d.jpg, 1, 0, 0
Riksha-5-_jpg.rf.b6275feb11cd2e8ce6d3ca67e7049744.jpg, 0, 0, 1
Car-23-_jpeg.rf.b4ddf0e3f5a2be43eaca60dbc0a6dbd9.jpg, 0, 1, 1
Car-9-_jpeg.rf.b701158f201d2c3d553bfc10a9162560.jpg, 1, 1, 0
Car-2-_jpeg.rf.b9ad157a3fa3a658508930363326b78d.jpg, 1, 1, 0
Bike-69-_jpeg.rf.b91501b1d73d776e491a4972638b3f23.jpg, 1, 0, 0
Car-36-_jpeg.rf.b8b58ff6ff61142fd51982205e352de5.jpg, 0, 1, 0
Car-22-_jpeg.rf.ba08a6e2f5310403851baa0afcaa6613.jpg, 1, 1, 1
Car-13-_jpg.rf.ba5c559f959cfef0d07bc405fbc0df89.jpg, 0, 1, 0
Riksha-55-_jpeg.rf.ba5548e1b50fbaf7cddac1a4f4c28607.jpg, 1, 1, 1
Riksha-59-_jpeg.rf.b6d27c4cd0382bea617849214143d842.jpg, 0, 0, 1
Riksha-33-_jpeg.rf.b5df68c557be1a0a719997d62594af06.jpg, 1, 1, 1
Car-65-_jpg.rf.bb5befd80a7b05c65d3a6a104979e493.jpg, 0, 1, 0
Riksha-117-_jpeg.rf.ba62c7d75049d4285717d54b171f9d99.jpg, 1, 1, 1
Bike-63-_jpeg.rf.b5a62e228a94d4dc943754529062db94.jpg, 1, 0, 0
Riksha-31-_jpg.rf.ba6a0a6283004093f901d65b3ee36651.jpg, 1, 1, 1
Riksha-42-_jpeg.rf.b9e4b8517923599deada331896350883.jpg, 1, 1, 1
Car-24-_jpg.rf.ba5e5829d95597a148974936cf4791c5.jpg, 0, 1, 0
Riksha-5-_jpeg.rf.bb334b81b7c0c8596c632e822928f9fd.jpg, 1, 1, 1
Riksha-31-_jpeg.rf.bc5a3df5184b224dd7b2191055a74cf7.jpg, 0, 0, 1
Riksha-33-_jpeg.rf.bc469c47ffe0dba2b748c607648da4f4.jpg, 1, 1, 1
Bike-27-_jpeg.rf.bb66be5985cb001aacc9c5723aadc080.jpg, 1, 0, 0
Car-15-_jpg.rf.bcb77ecd64d2011920fab8fd9a196274.jpg, 0, 1, 0
Car-21-_jpg.rf.bcc580e7f98249ddfedd1b44c8880960.jpg, 0, 1, 0
Riksha-63-_jpeg.rf.bde84931b644f3e44e0586d58c6a1758.jpg, 0, 1, 1
Bike-82-_jpeg.rf.bd6350e04c974d71198482b81f76bc40.jpg, 1, 0, 0
Bike-64-_jpeg.rf.be75c0ff6e97e1dee0393621fc9a9e9c.jpg, 1, 0, 0
Riksha-29-_jpg.rf.bcf32479a171d6cc982bdd9862b7bccd.jpg, 0, 1, 1
Riksha-30-_jpg.rf.bcaa2fb285be26ca78805994f44aa2a6.jpg, 0, 0, 1
Riksha-28-_jpg.rf.bd6fde7d60f1b1cba0d7340f72d06980.jpg, 1, 1, 1
Bike-38-_jpeg.rf.be9b6a3b5ce112057a54717f5a560c84.jpg, 1, 0, 0
Riksha-49-_jpeg.rf.be018374a6cdc666d785758e630dd838.jpg, 1, 0, 1
Bike-31-_jpeg.rf.beaaf14769c5142e656ca59d4eec6f51.jpg, 1, 0, 0
Riksha-16-_jpeg.rf.be253cdaac25bb1c76fa9248d56c7c1a.jpg, 1, 0, 1
Riksha-57-_jpeg.rf.bda2722184c7756dc0ee6b5667610540.jpg, 1, 0, 1
Riksha-48-_jpeg.rf.be0469ae28807f65fb362aebc592d075.jpg, 1, 1, 1
Bike-106-_jpeg.rf.bcd4e62c3414a1fe901a44166bcabb46.jpg, 1, 0, 0
Car-6-_jpeg.rf.0074524b6dda967afa121817525bc93a.jpg, 1, 1, 0
Bike-87-_jpeg.rf.01e1a443087b1142de52bf57d4263b34.jpg, 1, 0, 0
Riksha-70-_jpeg.rf.0247f6bc51d4eacd0811a833f5bd75ad.jpg, 0, 1, 1
Car-36-_jpeg.rf.02ae963e53c236bcaccc227f304762b6.jpg, 0, 1, 0
Riksha-60-_jpeg.rf.02f0dfe35a19ab610caad239212b1030.jpg, 0, 0, 1
Riksha-49-_jpeg.rf.0342781d9535efafb5570f0c1ad85581.jpg, 1, 0, 1
Car-37-_jpg.rf.0348a007065ae4109e138d8ea7967201.jpg, 0, 1, 0
Bike-53-_jpeg.rf.03af67db1e38f5600a28692dbefb21d8.jpg, 1, 0, 0
Bike-36-_jpeg.rf.03ba2df8a2fe98343d7a84293f99979d.jpg, 1, 0, 0
Bike-85-_jpeg.rf.060b6d0b0fd26e4dde7a3544f9957842.jpg, 1, 0, 0
Bike-8-_jpeg.rf.06551860c21fe18901be4fcdf6ba3ca1.jpg, 1, 0, 0
Riksha-23-_jpg.rf.066b77945dded6c3a683e37975a76c35.jpg, 1, 0, 1
Car-39-_jpeg.rf.0151f9368677a1fe2df1fdf22c81bbcc.jpg, 0, 1, 0
Car-19-_jpg.rf.05740ea1cb3e0c20ad9e379295cfe230.jpg, 0, 1, 0
Riksha-8-_jpg.rf.047f61e80fd65e50515d2e0fb740059e.jpg, 0, 0, 1
Car-54-_jpg.rf.0722c8b56353348350cfaf73a1dc5c14.jpg, 0, 1, 0
Car-31-_jpeg.rf.00e868cd7e46a6bf54279969ef7cf616.jpg, 1, 1, 0
Riksha-21-_jpeg.rf.0689335063b05788cdaece32ec83dea2.jpg, 1, 0, 1
Riksha-47-_jpg.rf.073868fc5fc60350693809021c1cd8cf.jpg, 0, 0, 1
Car-1-_jpeg.rf.06cf34c184824f608c994e32193960de.jpg, 0, 1, 0
Car-26-_jpeg.rf.06ea6a26010bac076adf7412cc8665c3.jpg, 0, 1, 0
Bike-99-_jpeg.rf.08680533f6c621300ff31f9b5718e54b.jpg, 1, 0, 0
Bike-55-_jpeg.rf.087719b3f4b01a8765daca4031b9f8fd.jpg, 1, 0, 0
Bike-23-_jpeg.rf.076c892505c395303a91f4a3f2252172.jpg, 1, 0, 0
Bike-28-_jpeg.rf.08b70b492845ec113d0727831ad52781.jpg, 1, 0, 0
Bike-25-_jpeg.rf.08afd29d0a996f7372433da79077416d.jpg, 1, 0, 0
Bike-83-_jpeg.rf.09c775b6076520a8e5d32d7a721a92f6.jpg, 1, 0, 0
Car-16-_jpg.rf.0a7de4fbd2e5ffc6ea51ca4f38872271.jpg, 0, 1, 0
Car-32-_jpg.rf.0c4bca437d38d5afa981c30806122e3d.jpg, 0, 1, 0
Car-52-_jpg.rf.0ad1ddd64c73ba75c96d76d6878c8a72.jpg, 0, 1, 0
Riksha-20-_jpg.rf.0b33d68cf1b6374acf6b33f7f7f9b40a.jpg, 0, 1, 1
Bike-60-_jpeg.rf.0aee8401ba9692aa7f7de0dc1141465c.jpg, 1, 0, 0
Riksha-121-_jpeg.rf.09b9f9eb7fd479ee3015d3de62835c39.jpg, 0, 1, 1
Riksha-44-_jpeg.rf.0be216e179e0949d22ac3757977575b5.jpg, 0, 0, 1
Bike-13-_jpeg.rf.08e491fd0aec2d6bbed8e6ad9e59cc3f.jpg, 1, 0, 0
Riksha-10-_jpg.rf.0d010c99b22e2595b5719c632042b5ee.jpg, 0, 0, 1
Riksha-31-_jpg.rf.089c321a8b6e8581d4649365b8adfc46.jpg, 0, 1, 1
Bike-40-_jpeg.rf.0b20ad9e0c633c6ba2f615e974fc6a0f.jpg, 1, 0, 0
Riksha-10-_jpg.rf.0c0810e30420d502b81f9e722f722675.jpg, 0, 0, 1
Riksha-5-_jpg.rf.093c94de0873acc17f22312e956daef6.jpg, 0, 0, 1
Bike-98-_jpeg.rf.0aae779f811054d65e60de41cbe37045.jpg, 1, 0, 0
Bike-65-_jpeg.rf.08e529c30d837fe0ba0363c68c8e5f95.jpg, 1, 0, 0
Riksha-14-_jpeg.rf.09a5632900517fd057829d996b670e23.jpg, 1, 1, 1
Bike-91-_jpeg.rf.0d2b96c0c007ccd41b4e844c671fadb9.jpg, 1, 0, 0
Car-2-_jpg.rf.09b08debf71ab6b10845083290b35c6f.jpg, 1, 1, 0
Riksha-31-_jpeg.rf.0d747eb7d42593b6a000bb87f7a911a2.jpg, 0, 0, 1
Car-13-_jpeg.rf.0ab257a7e0d11c3847b2e6b4cc8ca4e0.jpg, 0, 1, 0
Bike-39-_jpeg.rf.0b79059b607d80f8406ff9b82b732c52.jpg, 1, 0, 0
Bike-15-_jpeg.rf.0a01a1a7a3eafa567766e89bc7493f5d.jpg, 1, 0, 0
Riksha-3-_jpg.rf.0ec091543170b6ed0179ab66e1efe468.jpg, 0, 0, 1
Car-22-_jpeg.rf.10b8592d8769909e3bb6062b60cbb5e7.jpg, 1, 1, 1
Car-26-_jpeg.rf.0f46572154a8837bf098b15419f0d45f.jpg, 0, 1, 0
Bike-26-_jpeg.rf.10a4e02d7f08a414b2a8df5314559a18.jpg, 1, 0, 0
Riksha-67-_jpeg.rf.0dbd3e9f0fe7aab8073f5bb3275dbc31.jpg, 0, 0, 1
Bike-53-_jpeg.rf.10f66cbf862582d773d9d4d2c8877fdc.jpg, 1, 0, 0
Riksha-62-_jpeg.rf.0efaf3f37bf66897db1a60c050183f7e.jpg, 0, 1, 1
Riksha-50-_jpeg.rf.110b8db54331b6cf1d3738ff9b99c547.jpg, 1, 0, 1
Riksha-31-_jpeg.rf.0e1f3023223c7deeedaf8bd3ef538a7b.jpg, 0, 0, 1
Bike-6-_jpeg.rf.0ed6e5bf767011e3f8d296fe0f0729d0.jpg, 1, 0, 0
Car-18-_jpg.rf.1150b7503abb975fb4d0c3fa58e8b892.jpg, 0, 1, 0
Car-22-_jpeg.rf.0ee51807d313ee861c03d2330db677c2.jpg, 1, 1, 1
Car-1-_jpeg.rf.121c842a91920971eeb4f42b08a77994.jpg, 0, 1, 0
Riksha-14-_jpeg.rf.0ee13525d28d36c0134e5a1c3bcbe450.jpg, 1, 1, 1
Riksha-20-_jpeg.rf.13724f325580435fd4840b33b8de0246.jpg, 0, 1, 1
Riksha-117-_jpeg.rf.135d5d65ef8eacd025a3fe35acb48697.jpg, 1, 1, 1
Bike-107-_jpeg.rf.0e5102e0b6f234e8ef705f554432c710.jpg, 1, 0, 0
Riksha-47-_jpeg.rf.11ddf2f93f9619386661c04a6564cdb8.jpg, 0, 1, 1
Car-1-_jpg.rf.121c8be7a3d61ec921562618cedf3f31.jpg, 0, 1, 0
Riksha-23-_jpeg.rf.1199a06dbec84598444b2e54eb5223fe.jpg, 1, 1, 1
Riksha-44-_jpg.rf.116e4267872ea80d2aa7e8202940e058.jpg, 0, 0, 1
Car-3-_jpeg.rf.14ab690f331c9961e8a0ef7294630b0d.jpg, 0, 1, 0
Riksha-18-_jpeg.rf.1502b4f2c98efec6d4a58483d37e93e4.jpg, 1, 1, 1
Car-48-_jpg.rf.15b15aeb15e4c598367961306f8c8eb9.jpg, 0, 1, 0
Bike-90-_jpeg.rf.1626218827c12328f76c249c856726b0.jpg, 1, 0, 0
Car-7-_jpeg.rf.1273eda99e485c2f05429c6c3f1d843b.jpg, 0, 1, 0
Car-4-_jpeg.rf.1424c57b8d3c5e511ceb516bd85aea94.jpg, 1, 1, 0
Riksha-16-_jpeg.rf.14a9d9d0285302fac8a6c71e4a535bd5.jpg, 1, 0, 1
Bike-58-_jpeg.rf.112680003f44c915e36d7f5af15fc838.jpg, 1, 0, 0
Riksha-1-_jpg.rf.1600f92aa33371796c4333c0c8145e47.jpg, 0, 0, 1
Bike-9-_jpeg.rf.1624e32e8747520c1e460250ffad3035.jpg, 1, 0, 0
Car-59-_jpg.rf.1646d556268c95f7528b445e7c85f80f.jpg, 0, 1, 0
Car-4-_jpeg.rf.164bfffe7036e9f9d4a76dcc5c6f27e0.jpg, 0, 1, 0
Car-1-_jpg.rf.1671ac8c83f4d978b35a6f62ea6cf509.jpg, 0, 1, 0
Riksha-14-_jpeg.rf.16e9dafd5e8c34b807f8798cb715f19c.jpg, 1, 1, 1
Riksha-10-_jpeg.rf.19a1c33a2d8c1798d69b895f425d2d7b.jpg, 0, 1, 1
Riksha-22-_jpeg.rf.1665483c04c890099f296159a2940150.jpg, 1, 1, 1
Riksha-29-_jpg.rf.1800812cf9cf34937b22e942e88d96cc.jpg, 0, 1, 1
Bike-75-_jpeg.rf.1aacfadeb1e324580720b28b260c67d6.jpg, 1, 0, 0
Bike-74-_jpeg.rf.1812cfb445c2229ca658b6c22010783d.jpg, 1, 0, 0
Car-19-_jpeg.rf.1b6293069471a121ddee7f70768c6ebc.jpg, 0, 1, 0
Bike-72-_jpeg.rf.192f79b7bfa885b702135603787c6731.jpg, 1, 0, 0
Car-37-_jpg.rf.1c5be1328d8634538afccd0c0ad5df7d.jpg, 0, 1, 0
Car-4-_jpeg.rf.1a9c3baf4fe0e9b8ef9967f399634425.jpg, 1, 1, 0
Riksha-49-_jpg.rf.1c7f02e8aef890f3bd7da46608d230c1.jpg, 0, 0, 1
Car-20-_jpeg.rf.2171b90e0a119a8098882082baf5b884.jpg, 1, 1, 0
Riksha-13-_jpg.rf.1ada05918d7dbee3ced76bf8208e9ea5.jpg, 0, 0, 1
Riksha-30-_jpeg.rf.1bc8bd71e37f1b0f26d860b9831468d8.jpg, 0, 1, 1
Car-55-_jpg.rf.16fcf00d18ce728914bd9f674193babb.jpg, 0, 1, 0
Riksha-58-_jpeg.rf.1f509fd9c017fde38a64e372718f0e1f.jpg, 0, 0, 1
Bike-34-_jpeg.rf.16e64752f6e450379891656b28723120.jpg, 1, 0, 0
Bike-41-_jpeg.rf.1e19e5e59f99629520d586a15884f4cb.jpg, 1, 0, 0
Car-16-_jpg.rf.21efa88e4d4991f98a3efa78af2c3132.jpg, 0, 1, 0
Car-12-_jpeg.rf.1ed7c2e1d4debe1b4036a9c6689f21e9.jpg, 1, 0, 0
Car-27-_jpg.rf.217b86c5677e9a9c5fd058927936ac9c.jpg, 0, 1, 0
Bike-60-_jpeg.rf.213633df417253b5541f041392ee7b5e.jpg, 1, 0, 0
Bike-24-_jpeg.rf.1f73c2b8d57d0f92fb1c859f49d329f1.jpg, 1, 0, 0
Riksha-10-_jpg.rf.23d64f859da84bfd316857c25a647982.jpg, 0, 0, 1
Riksha-60-_jpeg.rf.1feead2068d72bb95a68e6935c5eecb1.jpg, 0, 0, 1
Car-33-_jpg.rf.1daffa17c3d69a80aef9f7b200fd5108.jpg, 0, 1, 0
Bike-101-_jpeg.rf.1d7d2830bccf0b530e3f9a53339ff41b.jpg, 1, 0, 0
Riksha-47-_jpeg.rf.1df71de40bfd194515a44ac6a033a6a4.jpg, 0, 1, 1
Riksha-16-_jpg.rf.235f75bb782c490bbe3b628b110ec1e0.jpg, 0, 0, 1
Riksha-63-_jpeg.rf.21968ffbe6354c8d50acacb813962689.jpg, 0, 1, 1
Riksha-44-_jpg.rf.20272bde30aa51d5379d1d39bf05e26b.jpg, 0, 0, 1
Bike-42-_jpeg.rf.22252c4a9a567628bb3f32745b6b41df.jpg, 1, 0, 0
Car-58-_jpg.rf.24cdbde9e1e59cca0dc3e771a7c05a71.jpg, 0, 1, 0
Riksha-19-_jpg.rf.23df825d44818e65f0a0ba76b7578294.jpg, 0, 1, 1
Riksha-50-_jpeg.rf.23fe880e063c9c9c704f5aa9969b1df5.jpg, 1, 0, 1
Riksha-4-_jpg.rf.2580d0e87da4f45cf9455487f0768ef8.jpg, 0, 0, 1
Bike-53-_jpeg.rf.242cd78bc5619c1998aef5f31dfe3ac9.jpg, 1, 0, 0
Riksha-48-_jpg.rf.1d6c42e90346ca04416782e88b0bd4ae.jpg, 1, 1, 1
Riksha-61-_jpeg.rf.231701daba1965914c2520793439cf7c.jpg, 0, 0, 1
Bike-102-_jpeg.rf.209c1c7d7f16bd4fd0175ac819bf4dbe.jpg, 1, 0, 0
Car-34-_jpg.rf.2775e939b5ff3131809f3a8380175de8.jpg, 0, 1, 0
Bike-40-_jpeg.rf.264b1f56cec7eaa935f42e2a26981619.jpg, 1, 0, 0
Bike-80-_jpeg.rf.2513e6de67854b39686b4be27205a499.jpg, 1, 0, 0
Riksha-41-_jpeg.rf.24585744e3271ac8ea53827d298564ac.jpg, 1, 1, 1
Riksha-6-_jpeg.rf.255a72085e84700c84aaf2e2f268375d.jpg, 1, 1, 1
Bike-55-_jpeg.rf.294d708601d9b72b75495dd1fa56cbbc.jpg, 1, 0, 0
Bike-2-_jpeg.rf.2728083015cbf8a12f30bfbcbd181d10.jpg, 1, 0, 0
Riksha-45-_jpeg.rf.26972c97fba1cecdc571014fd9449baf.jpg, 1, 1, 1
Car-60-_jpg.rf.270817279c67beac30a6a13ccc6062a9.jpg, 0, 1, 0
Car-19-_jpeg.rf.274c63cea72c2efc4cafcce1c8d691c5.jpg, 0, 1, 0
Bike-46-_jpeg.rf.27c87f808ef38db58c1cd98fb0b53d6d.jpg, 1, 0, 0
Riksha-30-_jpg.rf.292149ee3c985e0b8a56819abfc306f9.jpg, 0, 0, 1
Bike-98-_jpeg.rf.28f8dddc78c7573397363be13b2ca8c0.jpg, 1, 0, 0
Bike-49-_jpeg.rf.29c8be3be3890b8fd82fcd875357edee.jpg, 1, 0, 0
Riksha-12-_jpg.rf.2ad10bfbb65da562710045cd1f2cac02.jpg, 0, 0, 1
Riksha-24-_jpeg.rf.28f52bf31cd6293f38fe6abbfced08fa.jpg, 0, 1, 1
Car-23-_jpg.rf.27420d3516fcc777542c52e2ede67bad.jpg, 0, 1, 0
Car-18-_jpeg.rf.29942ca4d37dacbeeaeb851583c4041a.jpg, 1, 1, 1
Car-66-_jpg.rf.2910271e35176726c52d2f6b9b15cdf3.jpg, 0, 1, 0
Riksha-63-_jpeg.rf.2b5f8cc0d8a5db623063462e0c32477f.jpg, 0, 1, 1
Bike-73-_jpeg.rf.2abc9808538d0849d02eac7c645ef337.jpg, 1, 0, 0
Car-50-_jpg.rf.2c45f1f125de5a5006ea871d851ed6b1.jpg, 0, 1, 0
Bike-49-_jpeg.rf.29a5f62db1c4191b071dbf9fc34a1cbc.jpg, 1, 0, 0
Car-33-_jpeg.rf.2a8b414d1c104b5b8f6b0445023fe9c9.jpg, 0, 1, 0
Riksha-1-_jpeg.rf.29a744b3d5874935f2db3212a34c87ef.jpg, 0, 1, 1
Car-62-_jpg.rf.2b56e1d5caaacdf5d06ae530c47459a5.jpg, 0, 1, 0
Bike-39-_jpeg.rf.2ca940c86799c76ccd02038ce51f9b69.jpg, 1, 0, 0
Bike-9-_jpeg.rf.2ad9981f48e45a62a9487c1be2469f38.jpg, 1, 0, 0
Bike-83-_jpeg.rf.2c64943be7aca4da20086c1cd73fb190.jpg, 1, 0, 0
Riksha-28-_jpg.rf.2bd537fc6a01088e9411c24b4c132e4d.jpg, 1, 1, 1
Riksha-47-_jpg.rf.2e95adf23ad557ca13b2a0d1d03428c5.jpg, 0, 0, 1
Car-29-_jpeg.rf.2f3bb08295fc1595a77a5e51de878d24.jpg, 1, 1, 0
Car-68-_jpg.rf.2e8826b771b17c279e07fbc4f4ae9134.jpg, 0, 1, 0
Car-5-_jpeg.rf.2f330164bf3ea5dd1e739ce2c763c6a8.jpg, 0, 1, 0
Riksha-19-_jpeg.rf.2b6b9eea08e61f9fa49f96eab50fa3d1.jpg, 1, 1, 1
Car-44-_jpeg.rf.2d9b28d52ef98fd89c241729107994ad.jpg, 0, 1, 0
Riksha-17-_jpeg.rf.2e49a1e15af730e8565fde757769bdf0.jpg, 0, 1, 1
Bike-22-_jpeg.rf.2d0237b32897ccf5b96996551a613437.jpg, 1, 0, 0
Bike-11-_jpeg.rf.2e7bef5d6a97083b3f369d82a9c8feee.jpg, 1, 0, 0
Car-27-_jpeg.rf.2d3b7881f3fa0eac9fe73670c648f217.jpg, 1, 1, 0
Car-63-_jpg.rf.2ba0eca62163b4c57328c718387c002c.jpg, 0, 1, 0
Car-66-_jpg.rf.2f5eff454563a98263c8789eaf4d45a1.jpg, 0, 1, 0
Riksha-17-_jpg.rf.2c32f2039413e376415a36a410e4de5b.jpg, 1, 1, 1
Bike-47-_jpeg.rf.2e88ae64829f9be172f9eb17f2ddbbb4.jpg, 1, 0, 0
Riksha-54-_jpeg.rf.2e27080cf4dfb5cdf7bff73d6a6938f2.jpg, 1, 0, 1
Car-19-_jpeg.rf.312029c5cb4ebe4cffae8555ba205103.jpg, 1, 1, 1
Riksha-69-_jpeg.rf.30e5dfd2493fda710d7dcbfa29ea30dd.jpg, 0, 0, 1
Bike-75-_jpeg.rf.30eb2fcf1969f647c0e8519bb252cbc4.jpg, 1, 0, 0
Car-17-_jpeg.rf.2fe458bdd470f2f0228651e4e3ab0fca.jpg, 0, 1, 0
Bike-31-_jpeg.rf.2f83585b845e2cea20a41e47174b984c.jpg, 1, 0, 0
Riksha-12-_jpeg.rf.2f2b3a2a353eea8e14ef1717a1b0cf5c.jpg, 0, 0, 1
Car-28-_jpeg.rf.3206cd221a3e3dae592d19e3f8844438.jpg, 0, 1, 0
Car-68-_jpg.rf.3229aee663c4acf3f33bf8a1fd0b9e7c.jpg, 0, 1, 0
Bike-90-_jpeg.rf.31bcc06a3581aa476a0d15dfc98160c5.jpg, 1, 0, 0
Riksha-28-_jpeg.rf.31344f3dbe975d1ab03c7156bbf7b166.jpg, 0, 0, 1
Car-41-_jpeg.rf.3355f86e878f62c1c49134c18d89065a.jpg, 0, 1, 0
Car-17-_jpg.rf.33a38fee6388aa45b57144cef3e4fb2a.jpg, 0, 1, 0
Bike-85-_jpeg.rf.3472ae610e629b6b027c2c0d2d06c186.jpg, 1, 0, 0
Riksha-65-_jpeg.rf.3311b4c905d3ba5c62e53f58acb252fe.jpg, 1, 0, 1
Riksha-11-_jpg.rf.3140abf45c18984873761902be00cd9e.jpg, 0, 0, 1
Car-23-_jpeg.rf.31f06ebb82180b3d8d0c18106ce9d94c.jpg, 0, 1, 1
Bike-107-_jpeg.rf.32264e801dabe0df82a54d0806303e52.jpg, 1, 0, 0
Car-20-_jpeg.rf.3454237ad2afbc1f4bda7601246745aa.jpg, 0, 1, 0
Car-8-_jpeg.rf.32541f393adb38b1bdc3c868c7408fa7.jpg, 1, 1, 0
Bike-91-_jpeg.rf.324f77641e4454ecd6e906b8e464c816.jpg, 1, 0, 0
Bike-57-_jpeg.rf.359cf65a7bbeb16b9ccdda8a4a4aaab7.jpg, 1, 0, 0
Car-5-_jpeg.rf.3520d802547cb9415bfab999851444c8.jpg, 0, 1, 0
Bike-107-_jpeg.rf.35ed7528fbdbfc279b706ba51d167720.jpg, 1, 0, 0
Car-36-_jpeg.rf.341dfbbb81d34338f22197a95faf0262.jpg, 0, 1, 0
Car-9-_jpeg.rf.360e5e4480c5725456c14d379de02e0c.jpg, 1, 1, 0
Car-28-_jpeg.rf.365376103f8a21bbfaf908285cf8f582.jpg, 0, 1, 0
Car-64-_jpg.rf.373fe3427a669e496a6bf3e694dec6f4.jpg, 0, 1, 0
Riksha-9-_jpg.rf.37032cb7f63bb9c9e29f392d70b12e97.jpg, 0, 0, 1
Riksha-58-_jpeg.rf.363f802f8e421565c7432c2fe854d844.jpg, 0, 0, 1
Riksha-13-_jpeg.rf.3676cb1a55fd2f9c5328383ad6e191f1.jpg, 0, 1, 1
Bike-71-_jpeg.rf.360146b2603d65eae4f2012b6a1c7e18.jpg, 1, 0, 0
Bike-103-_jpeg.rf.3609836d581c1b3a369e17104738cac0.jpg, 1, 0, 0
Riksha-42-_jpeg.rf.34d24b599446e2c52464ec6765ee4dac.jpg, 1, 1, 1
Riksha-70-_jpeg.rf.33378b9f362e90a7878cfb81f1084f20.jpg, 0, 1, 1
Riksha-38-_jpg.rf.37de90c6f69766ea813f9be4e468da11.jpg, 0, 0, 1
Riksha-22-_jpeg.rf.3896dc1e6be50037e7f0ade7cda94b5f.jpg, 1, 1, 1
Riksha-39-_jpg.rf.3843fac89ed71e6efcae1ba061788838.jpg, 0, 0, 1
Car-21-_jpg.rf.3559c532ccf663820d17a75011001090.jpg, 0, 1, 0
Riksha-44-_jpg.rf.37a0cc1d432ebc445fb11278b7799813.jpg, 0, 0, 1
Bike-7-_jpeg.rf.3642a26b507233bff55123bd1ecd230f.jpg, 1, 0, 0
Car-20-_jpeg.rf.369b469810cf1dfd40fd1be57f07beb2.jpg, 1, 1, 0
Bike-62-_jpeg.rf.36bb8febba09eebcc9c624f2f9d284e1.jpg, 1, 0, 0
Riksha-18-_jpg.rf.39188ed259f976ca842f41c3f3a4c170.jpg, 0, 0, 1
Car-9-_jpeg.rf.38f2d5253e4cbf298c899ad8b5220158.jpg, 1, 1, 0
Car-23-_jpg.rf.382ae3638fe74bdd1d5f277183c37276.jpg, 0, 1, 0
Bike-104-_jpeg.rf.37bf4abed5259343fd0f91b875abacd7.jpg, 1, 0, 0
Car-21-_jpeg.rf.398be46661df7488c848979d974e552d.jpg, 0, 1, 0
Riksha-8-_jpeg.rf.38b10f27ed826f84fffb40fe1efe26c1.jpg, 1, 1, 1
Riksha-2-_jpg.rf.3a86fd67a237b2fa120e5a819eac1a38.jpg, 0, 0, 1
Car-23-_jpg.rf.3b3f4dd2e0128931b24cbb217999a1ec.jpg, 0, 1, 0
Bike-17-_jpeg.rf.3898cff13557e6ffad2291e4b16e0b13.jpg, 1, 0, 0
Riksha-35-_jpg.rf.38ecbca8bed2ee3447c33ef365edef4a.jpg, 0, 0, 1
Riksha-52-_jpeg.rf.3c13003ea45f0b5706de4f7406e4a8fe.jpg, 1, 0, 1
Riksha-43-_jpeg.rf.38b384398b258f13327b52500e6fd5dc.jpg, 1, 0, 1
Riksha-40-_jpeg.rf.39ed446e9a4385ef9a1e563755b03b94.jpg, 0, 1, 1
Riksha-25-_jpg.rf.3beed76758a402ec50dc470594ae25f2.jpg, 0, 1, 1
Car-39-_jpeg.rf.39ec78b9cc8c63029140032c2e37f3f3.jpg, 0, 1, 0
Bike-68-_jpeg.rf.3bde5d883e124d57137543d0a5045a96.jpg, 1, 0, 0
Riksha-48-_jpeg.rf.3b55c236fc5b7d13a16426acc3fe5929.jpg, 1, 1, 1
Car-51-_jpg.rf.3b1f1ccf24add4fe7149fba26b918f1c.jpg, 0, 1, 0
Riksha-20-_jpg.rf.3abad2d8bbb7e4c7db5a4dd7b906cc43.jpg, 0, 1, 1
Riksha-34-_jpeg.rf.3add4e2e6087637203f3d837597d9c7a.jpg, 1, 1, 1
Riksha-50-_jpeg.rf.3995bb0eb554c96e072e232581efb7ba.jpg, 1, 0, 1
Riksha-17-_jpeg.rf.3b72d13f6e178875152cff0f65dfcf7a.jpg, 0, 1, 1
Riksha-37-_jpg.rf.3943a093dca40f0e44b8d34dc29d3171.jpg, 1, 0, 1
Car-27-_jpeg.rf.3c92636479b5b7a7be214eba0e9e45af.jpg, 1, 1, 0
Car-33-_jpeg.rf.3a64adf13b87d194418247474f011ef6.jpg, 0, 1, 0
Bike-99-_jpeg.rf.3c77a224554db9c93f4fa01b20872a8a.jpg, 1, 0, 0
Car-40-_jpeg.rf.3cb5f00d740454883f7083e2e05490ad.jpg, 0, 1, 0
Car-42-_jpeg.rf.3e594f66ce8aeeb43086f58ffe473f25.jpg, 0, 1, 0
Riksha-34-_jpg.rf.3ceb123e63f0b12905920d3fa79b7927.jpg, 1, 0, 1
Riksha-41-_jpeg.rf.3cb23cb6e35451c25a3b8b851094263f.jpg, 1, 1, 1
Bike-72-_jpeg.rf.3e9d0f19996df527259fc172fa1274b8.jpg, 1, 0, 0
Riksha-35-_jpeg.rf.3cf745acb7fb5223715b4d28d4c9a999.jpg, 0, 0, 1
Car-57-_jpg.rf.3ce77a17fe9bac24b30f32a8abc7d1ff.jpg, 0, 1, 0
Riksha-61-_jpeg.rf.3d2429cc962abbd0dddb43410aad468d.jpg, 0, 0, 1
Riksha-62-_jpeg.rf.3d8f7d9acc8d22602f441160d89ed6f4.jpg, 0, 1, 1
Riksha-12-_jpeg.rf.3cf8f8fbfa9e6b73b3d6cd6bac1df27f.jpg, 0, 0, 1
Car-22-_jpg.rf.3f36bf5962252dcd5e658330368911e6.jpg, 0, 1, 0
Bike-43-_jpeg.rf.3d1c70b5eaf72d738b22a7329a776bcf.jpg, 1, 0, 0
Bike-3-_jpeg.rf.38b2825f8b70a4f70e2987de6abcd442.jpg, 1, 0, 0
Riksha-9-_jpg.rf.067fd163260918ce560e99e97646cec8.jpg, 0, 0, 1